"<?xml version=""1.0"" encoding=""utf-8""?>",Time_scraped,Gametime,Country,League,Match,bookie_home,bookie_home_links,highest_odd_home,bookie_draw,bookie_draw_links,highest_odd_draw,bookie_away,bookie_away_links,highest_odd_away,TotalBookies,average_odd_home,average_odd_draw,average_odd_away,std_home,std_draw,std_away,median_home,median_draw,median_away,url,timezone
"<!DOCTYPE html PUBLIC ""-//W3C//DTD XHTML 1.0 Strict//EN""",,,,,,,,,,,,,,,,,,,,,,,,,,
" ""http://www.w3.org/TR/xhtml1/DTD/xhtml1-strict.dtd"">",,,,,,,,,,,,,,,,,,,,,,,,,,
<html>,,,,,,,,,,,,,,,,,,,,,,,,,,
  <head>,,,,,,,,,,,,,,,,,,,,,,,,,,
    <title>503 first byte timeout</title>,,,,,,,,,,,,,,,,,,,,,,,,,,
  </head>,,,,,,,,,,,,,,,,,,,,,,,,,,
  <body>,,,,,,,,,,,,,,,,,,,,,,,,,,
    <h1>Error 503 first byte timeout</h1>,,,,,,,,,,,,,,,,,,,,,,,,,,
    <p>first byte timeout</p>,,,,,,,,,,,,,,,,,,,,,,,,,,
    <h3>Error 54113</h3>,,,,,,,,,,,,,,,,,,,,,,,,,,
    <p>Details: cache-mad22034-MAD 1681047736 4189198413</p>,,,,,,,,,,,,,,,,,,,,,,,,,,
    <hr>,,,,,,,,,,,,,,,,,,,,,,,,,,
    <p>Varnish cache server</p>,,,,,,,,,,,,,,,,,,,,,,,,,,
  </body>,,,,,,,,,,,,,,,,,,,,,,,,,,
</html>,,,,,,,,,,,,,,,,,,,,,,,,,,
,2023-04-09 16:31:45.107736,2023-04-09 18:00:00,Albania,Superliga,Teuta - Laci,['GGBET'],['https://www.oddsportal.com/bookmaker/ggbet/link'],2.45,['Suprabets'],['https://www.oddsportal.com/bookmaker/suprabets/link'],3.26,['Marsbet'],['https://www.oddsportal.com/bookmaker/marsbet/link'],3.0,4.0,2.33,3.16,2.91,0.0868907359849139,0.0574456264653802,0.0414578098794425,2.37,3.2,2.925,2.95,"09 Apr 15:30, GMT +2"
,2023-04-09 16:31:48.628133,2023-04-09 18:00:00,Albania,Superliga,Vllaznia - Erzeni,['Marsbet'],['https://www.oddsportal.com/bookmaker/marsbet/link'],2.1,['Betway'],['https://www.oddsportal.com/bookmaker/betway/link'],3.1,['Marsbet'],['https://www.oddsportal.com/bookmaker/marsbet/link'],3.9,4.0,2.03,3.0,3.79,0.0578791845139511,0.0212132034355965,0.0960143218483576,2.055,3.065,3.8,3.65,"09 Apr 15:30, GMT +2"
,2023-04-09 16:31:52.760353,2023-04-09 16:45:00,Algeria,Ligue 1,Paradou - Kabylie,['Marsbet'],['https://www.oddsportal.com/bookmaker/marsbet/link'],2.32,['Marsbet'],['https://www.oddsportal.com/bookmaker/marsbet/link'],3.0,['GGBET'],['https://www.oddsportal.com/bookmaker/ggbet/link'],3.5,6.0,2.23,2.87,3.39,0.0395811402901263,0.0817346655682615,0.11130538571376,2.25,2.82,3.35,3.47,"09 Apr 15:30, GMT +2"
,2023-04-09 16:31:57.835341,2023-04-09 16:45:00,Algeria,Ligue 1,Chelghoum - El Bayadh,"['GGBET', 'Suprabets']","['https://www.oddsportal.com/bookmaker/ggbet/link', 'https://www.oddsportal.com/bookmaker/suprabets/link']",19.0,['Suprabets'],['https://www.oddsportal.com/bookmaker/suprabets/link'],5.5,['Marsbet'],['https://www.oddsportal.com/bookmaker/marsbet/link'],1.23,5.0,17.32,5.33,1.19,2.481934729198171,0.2457641145488902,0.014696938456699,16.0,5.25,1.2,1.19,"09 Apr 15:30, GMT +2"
,2023-04-09 16:32:03.668855,2023-04-09 23:00:00,Algeria,Ligue 1,Saoura - ASO Chlef,['Marsbet'],['https://www.oddsportal.com/bookmaker/marsbet/link'],1.56,['Marsbet'],['https://www.oddsportal.com/bookmaker/marsbet/link'],3.8,"['GGBET', 'Suprabets']","['https://www.oddsportal.com/bookmaker/ggbet/link', 'https://www.oddsportal.com/bookmaker/suprabets/link']",7.0,6.0,1.51,3.63,6.52,0.0221108319357026,0.1008987391177687,0.5210166344113529,1.5,3.625,6.2,7.0,"09 Apr 15:30, GMT +2"
,2023-04-09 16:32:08.516517,2023-04-09 23:00:00,Algeria,Ligue 1,Biskra - CR Belouizdad,['Suprabets'],['https://www.oddsportal.com/bookmaker/suprabets/link'],4.3,['Marsbet'],['https://www.oddsportal.com/bookmaker/marsbet/link'],3.1,['Marsbet'],['https://www.oddsportal.com/bookmaker/marsbet/link'],2.13,6.0,4.0,2.91,2.02,0.2734806513570323,0.0829491142541954,0.0502493781056044,3.9,2.89,2.0,2.0,"09 Apr 15:30, GMT +2"
,2023-04-09 16:32:12.335211,2023-04-09 16:45:00,Algeria,U21 League,Biskra U21 - CR Belouizdad U21,"['bwin', 'GGBET', 'Suprabets']","['https://www.oddsportal.com/bookmaker/bwin/link', 'https://www.oddsportal.com/bookmaker/ggbet/link', 'https://www.oddsportal.com/bookmaker/suprabets/link']",5.0,"['bwin', 'GGBET']","['https://www.oddsportal.com/bookmaker/bwin/link', 'https://www.oddsportal.com/bookmaker/ggbet/link']",3.7,['Suprabets'],['https://www.oddsportal.com/bookmaker/suprabets/link'],1.68,3.0,4.96,3.55,1.63,0.0,0.0848528137423857,0.061282587702834,5.0,3.7,1.55,1.68,"09 Apr 15:30, GMT +2"
,2023-04-09 16:32:16.234549,2023-04-09 19:00:00,Argentina,Liga Profesional,Independiente - Estudiantes L.P.,['Suprabets'],['https://www.oddsportal.com/bookmaker/suprabets/link'],2.71,['Suprabets'],['https://www.oddsportal.com/bookmaker/suprabets/link'],3.13,['Suprabets'],['https://www.oddsportal.com/bookmaker/suprabets/link'],3.02,7.0,2.62,3.0,2.88,0.0723088613419643,0.0751868420968043,0.0810139821643305,2.6,3.0,2.9,3.02,"09 Apr 15:30, GMT +2"
,2023-04-09 16:32:20.731323,2023-04-09 19:00:00,Argentina,Liga Profesional,Godoy Cruz - Tigre,['Suprabets'],['https://www.oddsportal.com/bookmaker/suprabets/link'],2.62,['Suprabets'],['https://www.oddsportal.com/bookmaker/suprabets/link'],3.25,['Suprabets'],['https://www.oddsportal.com/bookmaker/suprabets/link'],3.02,7.0,2.53,3.12,2.89,0.0734569150410425,0.0740380486848568,0.0837391479414448,2.55,3.14,2.88,3.02,"09 Apr 15:30, GMT +2"
,2023-04-09 16:32:25.235675,2023-04-09 21:30:00,Argentina,Liga Profesional,Newells Old Boys - Rosario Central,['Marsbet'],['https://www.oddsportal.com/bookmaker/marsbet/link'],2.1,['Suprabets'],['https://www.oddsportal.com/bookmaker/suprabets/link'],3.18,['Suprabets'],['https://www.oddsportal.com/bookmaker/suprabets/link'],4.4,7.0,2.05,3.08,4.02,0.0458925097263114,0.0727029179999969,0.2215161117280232,2.05,3.1,4.0,4.4,"09 Apr 15:30, GMT +2"
,2023-04-09 16:32:31.236791,2023-04-09 20:30:00,Argentina,Primera C,Justo Jose de Urquiza - Puerto Nuevo,['Betway'],['https://www.oddsportal.com/bookmaker/betway/link'],1.85,['Suprabets'],['https://www.oddsportal.com/bookmaker/suprabets/link'],3.31,['GGBET'],['https://www.oddsportal.com/bookmaker/ggbet/link'],4.4,4.0,1.83,3.2,4.24,0.0129903810567665,0.10256095748383,0.1118033988749896,1.83,3.2,4.25,4.3,"09 Apr 15:30, GMT +2"
,2023-04-09 16:32:37.833496,2023-04-09 21:10:00,Argentina,Primera Nacional,San Martin T. - San Martin S.J.,['Suprabets'],['https://www.oddsportal.com/bookmaker/suprabets/link'],2.27,['Marsbet'],['https://www.oddsportal.com/bookmaker/marsbet/link'],3.05,['Suprabets'],['https://www.oddsportal.com/bookmaker/suprabets/link'],4.2,6.0,2.16,2.87,3.75,0.0528099317258495,0.0937638878602347,0.2155419526062927,2.17,2.92,3.675,4.2,"09 Apr 15:30, GMT +2"
,2023-04-09 16:32:42.567434,2023-04-09 23:00:00,Argentina,Primera Nacional,CA Mitre - Racing Cordoba,['Suprabets'],['https://www.oddsportal.com/bookmaker/suprabets/link'],2.54,"['bet365', 'Marsbet']","['https://www.oddsportal.com/bookmaker/bet365/link', 'https://www.oddsportal.com/bookmaker/marsbet/link']",3.0,['Suprabets'],['https://www.oddsportal.com/bookmaker/suprabets/link'],3.59,6.0,2.42,2.8,3.24,0.0629814787589706,0.0940596737301497,0.1970969868420676,2.425,2.8600000000000003,3.2,3.59,"09 Apr 15:30, GMT +2"
,2023-04-09 16:32:46.741263,2023-04-09 23:00:00,Argentina,Primera Nacional,Chaco For Ever - Dep. Riestra,['Suprabets'],['https://www.oddsportal.com/bookmaker/suprabets/link'],2.74,['bet365'],['https://www.oddsportal.com/bookmaker/bet365/link'],3.4,['Suprabets'],['https://www.oddsportal.com/bookmaker/suprabets/link'],2.99,6.0,2.57,2.97,2.82,0.0752772652709082,0.187082869338697,0.0910585891976516,2.575,3.06,2.8,2.99,"09 Apr 15:30, GMT +2"
,2023-04-09 16:32:50.765424,2023-04-09 20:30:00,Argentina,Torneo Federal,Sol de Mayo - CA Liniers,['Suprabets'],['https://www.oddsportal.com/bookmaker/suprabets/link'],2.19,['Betway'],['https://www.oddsportal.com/bookmaker/betway/link'],3.0,['GGBET'],['https://www.oddsportal.com/bookmaker/ggbet/link'],3.8,5.0,2.12,2.88,3.64,0.0453431361950185,0.0711055553385247,0.1521052267346523,2.12,2.85,3.7,3.74,"09 Apr 15:30, GMT +2"
,2023-04-09 16:32:55.789168,2023-04-09 20:30:00,Argentina,Torneo Federal,Def. Pronunciamiento - Sportivo Las Parejas,['Suprabets'],['https://www.oddsportal.com/bookmaker/suprabets/link'],2.66,['GGBET'],['https://www.oddsportal.com/bookmaker/ggbet/link'],2.85,['Suprabets'],['https://www.oddsportal.com/bookmaker/suprabets/link'],2.86,4.0,2.61,2.78,2.81,0.0438748219369606,0.0562916512459884,0.0438748219369606,2.625,2.81,2.825,2.86,"09 Apr 15:30, GMT +2"
,2023-04-09 16:33:01.916389,2023-04-09 21:00:00,Argentina,Torneo Federal,Germinal - Villa Mitre,['Marsbet'],['https://www.oddsportal.com/bookmaker/marsbet/link'],2.28,['Suprabets'],['https://www.oddsportal.com/bookmaker/suprabets/link'],3.06,"['GGBET', 'Marsbet']","['https://www.oddsportal.com/bookmaker/ggbet/link', 'https://www.oddsportal.com/bookmaker/marsbet/link']",3.3,5.0,2.24,2.99,3.24,0.0257681974534501,0.0881816307401944,0.0937229961108797,2.25,3.0,3.27,3.27,"09 Apr 15:30, GMT +2"
,2023-04-09 16:33:06.814204,2023-04-09 21:00:00,Argentina,Torneo Federal,Cipolletti - Santamarina,['Suprabets'],['https://www.oddsportal.com/bookmaker/suprabets/link'],1.85,"['GGBET', 'Marsbet']","['https://www.oddsportal.com/bookmaker/ggbet/link', 'https://www.oddsportal.com/bookmaker/marsbet/link']",3.15,['GGBET'],['https://www.oddsportal.com/bookmaker/ggbet/link'],4.7,5.0,1.83,3.11,4.46,0.0172046505340852,0.0560713830755047,0.1698940846527624,1.83,3.13,4.5,4.5,"09 Apr 15:30, GMT +2"
,2023-04-09 16:33:10.922243,2023-04-09 21:00:00,Argentina,Torneo Federal,Sportivo Belgrano - Gimnasia E.R.,"['bwin', 'GGBET']","['https://www.oddsportal.com/bookmaker/bwin/link', 'https://www.oddsportal.com/bookmaker/ggbet/link']",1.83,['GGBET'],['https://www.oddsportal.com/bookmaker/ggbet/link'],3.35,['GGBET'],['https://www.oddsportal.com/bookmaker/ggbet/link'],4.3,3.0,1.82,3.22,4.14,0.0141421356237309,0.1027402333828162,0.1699673171197595,1.83,3.25,4.2,4.3,"09 Apr 15:30, GMT +2"
,2023-04-09 16:33:14.506960,2023-04-09 21:30:00,Argentina,Torneo Federal,Union Sunchales - Douglas Haig,['Suprabets'],['https://www.oddsportal.com/bookmaker/suprabets/link'],2.26,"['GGBET', 'Suprabets']","['https://www.oddsportal.com/bookmaker/ggbet/link', 'https://www.oddsportal.com/bookmaker/suprabets/link']",2.95,['GGBET'],['https://www.oddsportal.com/bookmaker/ggbet/link'],3.4,4.0,2.22,2.87,3.35,0.023452078799117,0.0892678553567857,0.0571729831301463,2.25,2.875,3.33,3.36,"09 Apr 15:30, GMT +2"
,2023-04-09 16:33:18.314080,2023-04-09 21:30:00,Argentina,Torneo Federal,Boca Unidos - Antoniana,['GGBET'],['https://www.oddsportal.com/bookmaker/ggbet/link'],2.6,"['Betway', 'GGBET']","['https://www.oddsportal.com/bookmaker/betway/link', 'https://www.oddsportal.com/bookmaker/ggbet/link']",2.8,['GGBET'],['https://www.oddsportal.com/bookmaker/ggbet/link'],2.95,3.0,2.51,2.76,2.88,0.0471404520791032,0.047140452079103,0.0408248290463863,2.5,2.8,2.9,2.95,"09 Apr 15:30, GMT +2"
,2023-04-09 16:33:22.486740,2023-04-09 22:00:00,Argentina,Torneo Federal,Sportivo Estudiantes - Huracan Las Heras,"['GGBET', 'Marsbet']","['https://www.oddsportal.com/bookmaker/ggbet/link', 'https://www.oddsportal.com/bookmaker/marsbet/link']",2.5,"['Betway', 'GGBET', 'Marsbet']","['https://www.oddsportal.com/bookmaker/betway/link', 'https://www.oddsportal.com/bookmaker/ggbet/link', 'https://www.oddsportal.com/bookmaker/marsbet/link']",2.75,['GGBET'],['https://www.oddsportal.com/bookmaker/ggbet/link'],3.2,4.0,2.44,2.7,3.08,0.05,0.0433012701892219,0.0739509972887452,2.45,2.75,3.125,3.15,"09 Apr 15:30, GMT +2"
,2023-04-09 16:33:27.632947,2023-04-09 22:00:00,Argentina,Torneo Federal,Central Norte - San Martin Formosa,['bwin'],['https://www.oddsportal.com/bookmaker/bwin/link'],1.8,['Suprabets'],['https://www.oddsportal.com/bookmaker/suprabets/link'],3.32,['Betway'],['https://www.oddsportal.com/bookmaker/betway/link'],5.0,3.0,1.81,3.27,4.44,0.0449691252107735,0.0899382504215468,0.3681787005729088,1.79,3.2,4.5,4.5,"09 Apr 15:30, GMT +2"
,2023-04-09 16:33:33.572393,2023-04-09 22:00:00,Argentina,Torneo Federal,Formosa - Crucero del Norte,['bwin'],['https://www.oddsportal.com/bookmaker/bwin/link'],2.05,"['Betway', 'GGBET']","['https://www.oddsportal.com/bookmaker/betway/link', 'https://www.oddsportal.com/bookmaker/ggbet/link']",3.1,['GGBET'],['https://www.oddsportal.com/bookmaker/ggbet/link'],3.7,3.0,2.03,3.04,3.59,0.0205480466765631,0.0942809041582064,0.0816496580927726,2.03,3.1,3.6,3.7,"09 Apr 15:30, GMT +2"
,2023-04-09 16:33:39.632304,2023-04-09 23:30:00,Argentina,Torneo Federal,Ferro Gen. Pico - Biblioteca Atenas,['GGBET'],['https://www.oddsportal.com/bookmaker/ggbet/link'],2.15,['Suprabets'],['https://www.oddsportal.com/bookmaker/suprabets/link'],2.98,"['GGBET', 'Suprabets']","['https://www.oddsportal.com/bookmaker/ggbet/link', 'https://www.oddsportal.com/bookmaker/suprabets/link']",3.6,3.0,2.14,2.97,3.54,0.0216024689946928,0.046427960923947,0.1414213562373096,2.14,2.95,3.6,3.6,"09 Apr 15:30, GMT +2"
,2023-04-09 16:33:49.171734,2023-04-09 16:00:00,Armenia,Premier League,BKMA - Ararat Yerevan,['Suprabets'],['https://www.oddsportal.com/bookmaker/suprabets/link'],4.1,['Marsbet'],['https://www.oddsportal.com/bookmaker/marsbet/link'],3.3,"['Marsbet', 'Suprabets']","['https://www.oddsportal.com/bookmaker/marsbet/link', 'https://www.oddsportal.com/bookmaker/suprabets/link']",1.99,5.0,3.84,3.17,1.95,0.1964688270438848,0.0773563184232547,0.0348711915483254,3.75,3.2,1.95,1.99,"09 Apr 15:30, GMT +2"
,2023-04-09 16:33:55.977842,2023-04-09 17:00:00,Austria,Bundesliga,LASK - Sturm Graz,['Suprabets'],['https://www.oddsportal.com/bookmaker/suprabets/link'],3.51,['Suprabets'],['https://www.oddsportal.com/bookmaker/suprabets/link'],3.67,['Suprabets'],['https://www.oddsportal.com/bookmaker/suprabets/link'],2.12,8.0,3.41,3.56,2.05,0.0476313972081441,0.051705294699866,0.0463006479436303,3.475,3.6,2.05,2.12,"09 Apr 15:30, GMT +2"
,2023-04-09 16:34:01.883446,2023-04-09 16:30:00,Azerbaijan,Premier League,Qarabag - Kapaz,['Suprabets'],['https://www.oddsportal.com/bookmaker/suprabets/link'],1.13,['Suprabets'],['https://www.oddsportal.com/bookmaker/suprabets/link'],10.0,['Suprabets'],['https://www.oddsportal.com/bookmaker/suprabets/link'],23.0,5.0,1.1,8.26,19.49,0.0159999999999999,0.8953211714239757,2.1354156504062622,1.11,8.6,20.0,23.0,"09 Apr 15:30, GMT +2"
,2023-04-09 16:34:07.882761,2023-04-09 20:45:00,Bahrain,Premier League,Al-Shabbab - Al-Muharraq,['Suprabets'],['https://www.oddsportal.com/bookmaker/suprabets/link'],4.9,['Marsbet'],['https://www.oddsportal.com/bookmaker/marsbet/link'],3.65,['Marsbet'],['https://www.oddsportal.com/bookmaker/marsbet/link'],1.8,5.0,4.65,3.42,1.7,0.2653299832284322,0.092736184954957,0.042614551505325,4.4,3.45,1.71,1.71,"09 Apr 15:30, GMT +2"
,2023-04-09 16:34:16.287886,2023-04-09 16:30:00,Belarus,Vysshaya Liga,FC Gomel - Neman,['Marsbet'],['https://www.oddsportal.com/bookmaker/marsbet/link'],3.15,['Marsbet'],['https://www.oddsportal.com/bookmaker/marsbet/link'],3.25,['Marsbet'],['https://www.oddsportal.com/bookmaker/marsbet/link'],2.32,4.0,3.17,3.11,2.25,0.0593190525885233,0.1074709263010233,0.0489897948556634,3.12,3.08,2.22,2.2,"09 Apr 15:30, GMT +2"
,2023-04-09 16:34:21.169508,2023-04-09 16:00:00,Belgium,Challenger Pro League,Virton - Lommel SK,['Suprabets'],['https://www.oddsportal.com/bookmaker/suprabets/link'],2.24,['Suprabets'],['https://www.oddsportal.com/bookmaker/suprabets/link'],3.64,['BC.Game'],['https://www.oddsportal.com/bookmaker/bc-game/link'],3.25,6.0,2.15,3.4,3.08,0.0588075958812579,0.1348352904678725,0.0901387818865997,2.14,3.425,3.1,3.18,"09 Apr 15:30, GMT +2"
,2023-04-09 16:34:25.217863,2023-04-09 19:15:00,Belgium,Challenger Pro League,RWDM - Beerschot VA,['Marsbet'],['https://www.oddsportal.com/bookmaker/marsbet/link'],1.61,['Suprabets'],['https://www.oddsportal.com/bookmaker/suprabets/link'],4.4,['Suprabets'],['https://www.oddsportal.com/bookmaker/suprabets/link'],5.8,7.0,1.55,4.12,5.19,0.034226138716317,0.1644409204745906,0.2545504240172208,1.55,4.1,5.2,5.8,"09 Apr 15:30, GMT +2"
,2023-04-09 16:34:29.071456,2023-04-09 16:00:00,Belgium,Jupiler Pro League,Antwerp - Cercle Brugge KSV,"['GGBET', 'Suprabets']","['https://www.oddsportal.com/bookmaker/ggbet/link', 'https://www.oddsportal.com/bookmaker/suprabets/link']",1.74,['BC.Game'],['https://www.oddsportal.com/bookmaker/bc-game/link'],3.95,"['bet365', 'Suprabets']","['https://www.oddsportal.com/bookmaker/bet365/link', 'https://www.oddsportal.com/bookmaker/suprabets/link']",5.0,7.0,1.7,3.81,4.77,0.0335638289270592,0.111336958676564,0.1348771171648247,1.7,3.88,4.75,5.0,"09 Apr 15:30, GMT +2"
,2023-04-09 16:34:33.432002,2023-04-09 18:30:00,Belgium,Jupiler Pro League,St. Liege - Genk,['bet365'],['https://www.oddsportal.com/bookmaker/bet365/link'],2.88,['Suprabets'],['https://www.oddsportal.com/bookmaker/suprabets/link'],3.83,['Marsbet'],['https://www.oddsportal.com/bookmaker/marsbet/link'],2.41,7.0,2.8,3.65,2.34,0.055659313539366,0.1226742825201629,0.0465109159888564,2.84,3.6,2.34,2.37,"09 Apr 15:30, GMT +2"
,2023-04-09 16:34:38.366148,2023-04-09 19:15:00,Belgium,Jupiler Pro League,St. Truiden - Oostende,['Marsbet'],['https://www.oddsportal.com/bookmaker/marsbet/link'],2.4,['BC.Game'],['https://www.oddsportal.com/bookmaker/bc-game/link'],3.55,['Suprabets'],['https://www.oddsportal.com/bookmaker/suprabets/link'],3.03,7.0,2.34,3.44,2.94,0.0459369576880387,0.0805085874491735,0.0548839220351386,2.35,3.5,2.9,3.03,"09 Apr 15:30, GMT +2"
,2023-04-09 16:34:42.903871,2023-04-09 21:00:00,Bolivia,Division Profesional,Bolivar - Vaca Diez,['Suprabets'],['https://www.oddsportal.com/bookmaker/suprabets/link'],1.08,['Suprabets'],['https://www.oddsportal.com/bookmaker/suprabets/link'],14.0,['Suprabets'],['https://www.oddsportal.com/bookmaker/suprabets/link'],41.0,6.0,1.05,11.18,29.79,0.0110554159678513,1.674979270186815,6.209312003399052,1.065,11.0,26.0,41.0,"09 Apr 15:30, GMT +2"
,2023-04-09 16:34:48.483687,2023-04-09 23:30:00,Bolivia,Division Profesional,Guabira - Oriente Petrolero,['Suprabets'],['https://www.oddsportal.com/bookmaker/suprabets/link'],3.0,['Suprabets'],['https://www.oddsportal.com/bookmaker/suprabets/link'],3.38,['Suprabets'],['https://www.oddsportal.com/bookmaker/suprabets/link'],2.56,5.0,2.8,3.17,2.4,0.0860232526704262,0.1358823020117041,0.0917387595294378,2.85,3.2,2.4,2.56,"09 Apr 15:30, GMT +2"
,2023-04-09 16:34:53.583164,2023-04-09 16:00:00,Botswana,Premier League,Holy Ghost - Nico United,['Suprabets'],['https://www.oddsportal.com/bookmaker/suprabets/link'],2.74,['Suprabets'],['https://www.oddsportal.com/bookmaker/suprabets/link'],3.12,['Suprabets'],['https://www.oddsportal.com/bookmaker/suprabets/link'],2.54,3.0,2.74,3.03,2.54,0.0368178700572909,0.1104536101718726,0.0188561808316412,2.7,3.0,2.5,2.54,"09 Apr 15:30, GMT +2"
,2023-04-09 16:35:02.974987,2023-04-09 21:00:00,Brazil,Campeonato Carioca,Botafogo RJ - Audax RJ,"['bwin', 'Suprabets']","['https://www.oddsportal.com/bookmaker/bwin/link', 'https://www.oddsportal.com/bookmaker/suprabets/link']",1.41,['Suprabets'],['https://www.oddsportal.com/bookmaker/suprabets/link'],4.6,['BC.Game'],['https://www.oddsportal.com/bookmaker/bc-game/link'],8.4,6.0,1.38,4.26,7.82,0.0195078331845326,0.1949715078899705,0.2910708199428832,1.39,4.315,8.0,8.3,"09 Apr 15:30, GMT +2"
,2023-04-09 16:35:09.814688,2023-04-09 23:00:00,Brazil,Campeonato Carioca,Fluminense - Flamengo RJ,['Suprabets'],['https://www.oddsportal.com/bookmaker/suprabets/link'],2.52,"['BC.Game', 'bet365']","['https://www.oddsportal.com/bookmaker/bc-game/link', 'https://www.oddsportal.com/bookmaker/bet365/link']",3.5,['Suprabets'],['https://www.oddsportal.com/bookmaker/suprabets/link'],3.09,7.0,2.37,3.19,2.86,0.0718558647997674,0.176912292347574,0.1179415282317159,2.4,3.3,2.8,3.09,"09 Apr 15:30, GMT +2"
,2023-04-09 16:35:16.129045,2023-04-09 21:00:00,Brazil,Campeonato Goiano,Goias - Atletico GO,['Suprabets'],['https://www.oddsportal.com/bookmaker/suprabets/link'],2.07,"['BC.Game', 'bwin']","['https://www.oddsportal.com/bookmaker/bc-game/link', 'https://www.oddsportal.com/bookmaker/bwin/link']",3.2,['GGBET'],['https://www.oddsportal.com/bookmaker/ggbet/link'],3.7,5.0,2.01,3.13,3.59,0.0491528229097779,0.0527636238330917,0.1109233969908964,2.0,3.1,3.6,3.67,"09 Apr 15:30, GMT +2"
,2023-04-09 16:35:21.820933,2023-04-09 21:30:00,Brazil,Campeonato Mineiro,Atletico-MG - America MG,['bwin'],['https://www.oddsportal.com/bookmaker/bwin/link'],1.68,['BC.Game'],['https://www.oddsportal.com/bookmaker/bc-game/link'],3.95,['BC.Game'],['https://www.oddsportal.com/bookmaker/bc-game/link'],5.0,5.0,1.63,3.72,4.73,0.02227105745132,0.1192644121270046,0.2039607805437112,1.64,3.75,4.8,4.8,"09 Apr 15:30, GMT +2"
,2023-04-09 16:35:27.585077,2023-04-09 22:00:00,Brazil,Campeonato Paraense,Remo - Paysandu PA,['Betway'],['https://www.oddsportal.com/bookmaker/betway/link'],2.1,['BC.Game'],['https://www.oddsportal.com/bookmaker/bc-game/link'],3.25,['GGBET'],['https://www.oddsportal.com/bookmaker/ggbet/link'],3.55,4.0,2.06,3.17,3.37,0.0559016994374947,0.0216506350946108,0.1346291201783625,2.025,3.2,3.375,3.55,"09 Apr 15:30, GMT +2"
,2023-04-09 16:35:33.375813,2023-04-09 22:00:00,Brazil,Campeonato Paranaense,Athletico-PR - Cascavel,['bet365'],['https://www.oddsportal.com/bookmaker/bet365/link'],1.3,['BC.Game'],['https://www.oddsportal.com/bookmaker/bc-game/link'],5.6,['BC.Game'],['https://www.oddsportal.com/bookmaker/bc-game/link'],9.8,5.0,1.26,5.18,9.16,0.016,0.2817800560721074,0.3072458299147446,1.27,5.25,9.4,9.4,"09 Apr 15:30, GMT +2"
,2023-04-09 16:35:39.130273,2023-04-09 21:00:00,Brazil,Campeonato Paulista,Palmeiras - Agua Santa,['Suprabets'],['https://www.oddsportal.com/bookmaker/suprabets/link'],1.23,['Suprabets'],['https://www.oddsportal.com/bookmaker/suprabets/link'],6.2,['Suprabets'],['https://www.oddsportal.com/bookmaker/suprabets/link'],15.0,7.0,1.2,5.8,13.22,0.0155182578445717,0.2340852801167706,1.1952286093343936,1.21,6.0,13.0,15.0,"09 Apr 15:30, GMT +2"
,2023-04-09 16:35:47.317254,2023-04-09 21:00:00,Brazil,Campeonato Potiguar,Santa Cruz de Natal - ABC,['GGBET'],['https://www.oddsportal.com/bookmaker/ggbet/link'],15.0,['Betway'],['https://www.oddsportal.com/bookmaker/betway/link'],5.75,['GGBET'],['https://www.oddsportal.com/bookmaker/ggbet/link'],1.25,5.0,13.3,5.16,1.21,0.7483314773547882,0.3405877273185281,0.0289827534923789,13.5,5.2,1.19,1.24,"09 Apr 15:30, GMT +2"
,2023-04-09 16:35:52.165053,2023-04-09 22:00:00,Brazil,Campeonato Sergipano,Confianca - Lagarto,['Marsbet'],['https://www.oddsportal.com/bookmaker/marsbet/link'],1.67,['BC.Game'],['https://www.oddsportal.com/bookmaker/bc-game/link'],3.8,['GGBET'],['https://www.oddsportal.com/bookmaker/ggbet/link'],5.7,5.0,1.58,3.58,5.21,0.0263818119165457,0.1019803902718556,0.3261901286060019,1.61,3.6,5.2,5.2,"09 Apr 15:30, GMT +2"
,2023-04-09 16:35:57.022603,2023-04-09 16:45:00,Bulgaria,Parva liga,Spartak Varna - Beroe,['Marsbet'],['https://www.oddsportal.com/bookmaker/marsbet/link'],2.07,['GGBET'],['https://www.oddsportal.com/bookmaker/ggbet/link'],3.3,"['GGBET', 'Suprabets']","['https://www.oddsportal.com/bookmaker/ggbet/link', 'https://www.oddsportal.com/bookmaker/suprabets/link']",4.2,7.0,1.99,3.16,3.81,0.0474234076362794,0.0709124208342334,0.2862494987073412,2.04,3.2,3.75,4.2,"09 Apr 15:30, GMT +2"
,2023-04-09 16:36:05.183112,2023-04-09 19:15:00,Bulgaria,Parva liga,Slavia Sofia - CSKA Sofia,['bet365'],['https://www.oddsportal.com/bookmaker/bet365/link'],7.0,['bet365'],['https://www.oddsportal.com/bookmaker/bet365/link'],3.8,"['GGBET', 'Suprabets']","['https://www.oddsportal.com/bookmaker/ggbet/link', 'https://www.oddsportal.com/bookmaker/suprabets/link']",1.57,7.0,6.36,3.63,1.54,0.4290473547908916,0.0745872998983234,0.018405855323893,6.2,3.69,1.54,1.57,"09 Apr 15:30, GMT +2"
,2023-04-09 16:36:17.078166,2023-04-09 21:00:00,Chile,Chilean Cup,San Felipe - San Luis,['Suprabets'],['https://www.oddsportal.com/bookmaker/suprabets/link'],2.57,"['bet365', 'Marsbet']","['https://www.oddsportal.com/bookmaker/bet365/link', 'https://www.oddsportal.com/bookmaker/marsbet/link']",3.4,['Suprabets'],['https://www.oddsportal.com/bookmaker/suprabets/link'],3.05,7.0,2.42,3.22,2.74,0.0902151623076967,0.1030157507275424,0.1335083884852122,2.4,3.3,2.75,3.05,"09 Apr 15:30, GMT +2"
,2023-04-09 16:36:23.114622,2023-04-09 21:00:00,Chile,Chilean Cup,Recoleta - A. Italiano,['Marsbet'],['https://www.oddsportal.com/bookmaker/marsbet/link'],6.4,['Suprabets'],['https://www.oddsportal.com/bookmaker/suprabets/link'],4.5,['Suprabets'],['https://www.oddsportal.com/bookmaker/suprabets/link'],1.6,7.0,5.68,4.01,1.5,0.2597094137528264,0.2231499907401901,0.0395381500088516,5.8,4.0,1.5,1.6,"09 Apr 15:30, GMT +2"
,2023-04-09 16:36:32.373936,2023-04-09 21:00:00,Chile,Chilean Cup,Limache - Palestino,"['Betway', 'Marsbet', 'Suprabets']","['https://www.oddsportal.com/bookmaker/betway/link', 'https://www.oddsportal.com/bookmaker/marsbet/link', 'https://www.oddsportal.com/bookmaker/suprabets/link']",13.0,['bet365'],['https://www.oddsportal.com/bookmaker/bet365/link'],7.5,['Suprabets'],['https://www.oddsportal.com/bookmaker/suprabets/link'],1.25,7.0,11.57,6.9,1.17,1.4811743823805514,0.4948716593053933,0.0279941684889506,12.0,7.0,1.18,1.25,"09 Apr 15:30, GMT +2"
,2023-04-09 16:36:53.428809,2023-04-09 23:00:00,Chile,Chilean Cup,Colchagua - U. Espanola,"['bet365', 'Betway', 'Marsbet']","['https://www.oddsportal.com/bookmaker/bet365/link', 'https://www.oddsportal.com/bookmaker/betway/link', 'https://www.oddsportal.com/bookmaker/marsbet/link']",29.0,"['Betway', 'Marsbet']","['https://www.oddsportal.com/bookmaker/betway/link', 'https://www.oddsportal.com/bookmaker/marsbet/link']",12.0,"['bet365', 'Marsbet']","['https://www.oddsportal.com/bookmaker/bet365/link', 'https://www.oddsportal.com/bookmaker/marsbet/link']",1.06,4.0,24.21,11.72,1.05,2.598076211353316,0.9836157786453,0.0082915619758885,29.0,11.5,1.0550000000000002,1.06,"09 Apr 15:30, GMT +2"
,2023-04-09 16:36:59.375457,2023-04-09 21:00:00,Colombia,Primera A,Pereira - Bucaramanga,"['GGBET', 'Suprabets']","['https://www.oddsportal.com/bookmaker/ggbet/link', 'https://www.oddsportal.com/bookmaker/suprabets/link']",2.01,['bet365'],['https://www.oddsportal.com/bookmaker/bet365/link'],3.4,['Suprabets'],['https://www.oddsportal.com/bookmaker/suprabets/link'],4.4,7.0,1.95,3.24,3.99,0.0402542937245867,0.084587836246214,0.2077577081749857,1.95,3.3,3.9,4.4,"09 Apr 15:30, GMT +2"
,2023-04-09 16:37:05.471080,2023-04-09 22:00:00,Colombia,Primera B,Real Santander - Orsomarso,['Marsbet'],['https://www.oddsportal.com/bookmaker/marsbet/link'],1.74,['Marsbet'],['https://www.oddsportal.com/bookmaker/marsbet/link'],3.5,['Suprabets'],['https://www.oddsportal.com/bookmaker/suprabets/link'],5.0,6.0,1.71,3.36,4.77,0.017716909687891,0.0679256129077161,0.2579028671591087,1.705,3.345,4.675,5.0,"09 Apr 15:30, GMT +2"
,2023-04-09 16:37:11.212190,2023-04-09 23:10:00,Colombia,Primera B,Cartagena - Cucuta,['Suprabets'],['https://www.oddsportal.com/bookmaker/suprabets/link'],2.51,['Marsbet'],['https://www.oddsportal.com/bookmaker/marsbet/link'],3.1,['Suprabets'],['https://www.oddsportal.com/bookmaker/suprabets/link'],2.86,6.0,2.46,3.01,2.82,0.0644635986860456,0.064657215804236,0.059278064145929,2.475,3.005,2.825,2.86,"09 Apr 15:30, GMT +2"
,2023-04-09 16:37:16.861164,2023-04-09 22:00:00,Costa Rica,Liga de Ascenso,Municipal Garabito - Carmelita,"['Betway', 'Suprabets']","['https://www.oddsportal.com/bookmaker/betway/link', 'https://www.oddsportal.com/bookmaker/suprabets/link']",5.5,['bwin'],['https://www.oddsportal.com/bookmaker/bwin/link'],4.4,['Suprabets'],['https://www.oddsportal.com/bookmaker/suprabets/link'],1.51,3.0,5.38,4.17,1.49,0.4242640687119287,0.1632993161855453,0.0081649658092772,5.5,4.2,1.5,1.51,"09 Apr 15:30, GMT +2"
,2023-04-09 16:37:22.673207,2023-04-09 22:00:00,Costa Rica,Liga de Ascenso,Cofutpa - AD Sarchi,['Suprabets'],['https://www.oddsportal.com/bookmaker/suprabets/link'],2.04,['Suprabets'],['https://www.oddsportal.com/bookmaker/suprabets/link'],3.5,['Suprabets'],['https://www.oddsportal.com/bookmaker/suprabets/link'],3.29,4.0,2.0,3.4,3.24,0.0244948974278318,0.082915619758885,0.0377491721763536,1.99,3.35,3.225,3.29,"09 Apr 15:30, GMT +2"
,2023-04-09 16:37:27.671045,2023-04-09 22:00:00,Costa Rica,Liga de Ascenso,Liberia - ADR Jicaral,['Suprabets'],['https://www.oddsportal.com/bookmaker/suprabets/link'],2.33,"['Betway', 'bwin']","['https://www.oddsportal.com/bookmaker/betway/link', 'https://www.oddsportal.com/bookmaker/bwin/link']",3.25,['Suprabets'],['https://www.oddsportal.com/bookmaker/suprabets/link'],2.97,4.0,2.28,3.21,2.87,0.0638357266740185,0.0308220700148448,0.0833666600026654,2.25,3.225,2.84,2.97,"09 Apr 15:30, GMT +2"
,2023-04-09 16:37:33.724264,2023-04-09 22:00:00,Costa Rica,Liga de Ascenso,Cariari Pococi - San Jose FC,['Suprabets'],['https://www.oddsportal.com/bookmaker/suprabets/link'],2.27,['Suprabets'],['https://www.oddsportal.com/bookmaker/suprabets/link'],3.47,['Suprabets'],['https://www.oddsportal.com/bookmaker/suprabets/link'],2.84,4.0,2.22,3.43,2.79,0.0509901951359278,0.0605702071979287,0.0389711431702996,2.21,3.4,2.75,2.84,"09 Apr 15:30, GMT +2"
,2023-04-09 16:37:40.179055,2023-04-09 22:00:00,Costa Rica,Liga de Ascenso,Consultants Desamparados - Municipal Turrialba,['Suprabets'],['https://www.oddsportal.com/bookmaker/suprabets/link'],1.8,['Suprabets'],['https://www.oddsportal.com/bookmaker/suprabets/link'],3.84,['Suprabets'],['https://www.oddsportal.com/bookmaker/suprabets/link'],3.78,4.0,1.77,3.77,3.72,0.0258602010819715,0.0526189129496228,0.0831790237980705,1.75,3.775,3.675,3.78,"09 Apr 15:30, GMT +2"
,2023-04-09 16:37:45.876439,2023-04-09 22:00:00,Costa Rica,Liga de Ascenso,Santa Ana - Escorpiones,['Suprabets'],['https://www.oddsportal.com/bookmaker/suprabets/link'],1.92,['Suprabets'],['https://www.oddsportal.com/bookmaker/suprabets/link'],3.76,['Suprabets'],['https://www.oddsportal.com/bookmaker/suprabets/link'],3.41,4.0,1.88,3.69,3.34,0.0227760839478606,0.0775806032459144,0.0585234995535982,1.875,3.675,3.3,3.41,"09 Apr 15:30, GMT +2"
,2023-04-09 16:37:51.516924,2023-04-09 22:00:00,Costa Rica,Liga de Ascenso,CS Uruguay - Limon Black Star,['Suprabets'],['https://www.oddsportal.com/bookmaker/suprabets/link'],2.46,['Suprabets'],['https://www.oddsportal.com/bookmaker/suprabets/link'],3.71,['Betway'],['https://www.oddsportal.com/bookmaker/betway/link'],2.5,4.0,2.42,3.57,2.44,0.0335410196624967,0.100249688278817,0.0396074487943872,2.395,3.5,2.4450000000000003,2.47,"09 Apr 15:30, GMT +2"
,2023-04-09 16:37:56.918218,2023-04-09 19:00:00,Costa Rica,Primera Division,Cartagines - Puntarenas FC,['Marsbet'],['https://www.oddsportal.com/bookmaker/marsbet/link'],1.62,['Marsbet'],['https://www.oddsportal.com/bookmaker/marsbet/link'],4.1,['GGBET'],['https://www.oddsportal.com/bookmaker/ggbet/link'],5.5,7.0,1.56,3.94,5.16,0.0277010277566647,0.1224744871391588,0.29485382057929,1.57,3.85,5.0,5.4,"09 Apr 15:30, GMT +2"
,2023-04-09 16:38:01.705217,2023-04-09 23:00:00,Costa Rica,Primera Division,AD Santos - Herediano,"['GGBET', 'Suprabets']","['https://www.oddsportal.com/bookmaker/ggbet/link', 'https://www.oddsportal.com/bookmaker/suprabets/link']",5.0,['Marsbet'],['https://www.oddsportal.com/bookmaker/marsbet/link'],4.0,['Marsbet'],['https://www.oddsportal.com/bookmaker/marsbet/link'],1.68,7.0,4.81,3.79,1.62,0.2321153829895988,0.0863547500554709,0.0264189171555812,4.5,3.8,1.62,1.62,"09 Apr 15:30, GMT +2"
,2023-04-09 16:38:06.230323,2023-04-09 16:00:00,Cyprus,First Division,Ol. Nicosia - Paralimni,['Marsbet'],['https://www.oddsportal.com/bookmaker/marsbet/link'],2.23,"['GGBET', 'Marsbet']","['https://www.oddsportal.com/bookmaker/ggbet/link', 'https://www.oddsportal.com/bookmaker/marsbet/link']",3.3,['GGBET'],['https://www.oddsportal.com/bookmaker/ggbet/link'],3.35,6.0,2.17,3.18,3.21,0.0408248290463863,0.073029674334022,0.089752746785575,2.17,3.205,3.19,3.23,"09 Apr 15:30, GMT +2"
,2023-04-09 16:38:10.878307,2023-04-09 18:00:00,Cyprus,First Division,AEL Limassol - Anorthosis,['Marsbet'],['https://www.oddsportal.com/bookmaker/marsbet/link'],2.42,['Marsbet'],['https://www.oddsportal.com/bookmaker/marsbet/link'],3.3,['GGBET'],['https://www.oddsportal.com/bookmaker/ggbet/link'],3.05,6.0,2.36,3.12,2.91,0.0401732359773132,0.1138346754435278,0.0857159391374919,2.385,3.13,2.9,2.94,"09 Apr 15:30, GMT +2"
,2023-04-09 16:38:17.012262,2023-04-09 16:00:00,Czech Republic,1. Liga,Ceske Budejovice - Teplice,"['Marsbet', 'Suprabets']","['https://www.oddsportal.com/bookmaker/marsbet/link', 'https://www.oddsportal.com/bookmaker/suprabets/link']",1.81,['Suprabets'],['https://www.oddsportal.com/bookmaker/suprabets/link'],3.94,['Suprabets'],['https://www.oddsportal.com/bookmaker/suprabets/link'],4.7,7.0,1.76,3.76,4.26,0.0369224228094859,0.104530046456724,0.2292133842300752,1.78,3.8,4.2,4.7,"09 Apr 15:30, GMT +2"
,2023-04-09 16:38:24.023327,2023-04-09 16:00:00,Czech Republic,1. Liga,Mlada Boleslav - Slavia Prague,['Suprabets'],['https://www.oddsportal.com/bookmaker/suprabets/link'],6.2,['BC.Game'],['https://www.oddsportal.com/bookmaker/bc-game/link'],4.5,['Suprabets'],['https://www.oddsportal.com/bookmaker/suprabets/link'],1.58,7.0,5.64,4.24,1.52,0.3579248581499092,0.1051141265094123,0.0302371578407382,5.6,4.33,1.53,1.58,"09 Apr 15:30, GMT +2"
,2023-04-09 16:38:30.361807,2023-04-09 16:00:00,Czech Republic,1. Liga,Sigma Olomouc - Bohemians,['Marsbet'],['https://www.oddsportal.com/bookmaker/marsbet/link'],2.11,['BC.Game'],['https://www.oddsportal.com/bookmaker/bc-game/link'],3.65,['Suprabets'],['https://www.oddsportal.com/bookmaker/suprabets/link'],3.74,7.0,2.03,3.51,3.45,0.0516661180572145,0.0641108733494768,0.1674539229953441,2.02,3.55,3.4,3.74,"09 Apr 15:30, GMT +2"
,2023-04-09 16:38:36.511774,2023-04-09 19:00:00,Czech Republic,1. Liga,FK Pardubice - Sparta Prague,['Suprabets'],['https://www.oddsportal.com/bookmaker/suprabets/link'],9.6,['Suprabets'],['https://www.oddsportal.com/bookmaker/suprabets/link'],5.5,['GGBET'],['https://www.oddsportal.com/bookmaker/ggbet/link'],1.37,7.0,8.22,5.2,1.33,0.8638026985607397,0.1461338497433648,0.0243276948084663,7.8,5.25,1.36,1.36,"09 Apr 15:30, GMT +2"
,2023-04-09 16:38:42.116730,2023-04-09 16:30:00,Czech Republic,Division 2,Varnsdorf - Slavia Prague B,['Suprabets'],['https://www.oddsportal.com/bookmaker/suprabets/link'],1.72,['Marsbet'],['https://www.oddsportal.com/bookmaker/marsbet/link'],4.1,['bet365'],['https://www.oddsportal.com/bookmaker/bet365/link'],4.33,6.0,1.69,3.93,4.07,0.032659863237109,0.1966737286867657,0.1893629671644731,1.685,3.975,4.0,3.96,"09 Apr 15:30, GMT +2"
,2023-04-09 16:38:58.573676,2023-04-09 16:00:00,Denmark,Superliga,Viborg - Aarhus,['Suprabets'],['https://www.oddsportal.com/bookmaker/suprabets/link'],2.58,['GGBET'],['https://www.oddsportal.com/bookmaker/ggbet/link'],3.23,['Suprabets'],['https://www.oddsportal.com/bookmaker/suprabets/link'],3.09,7.0,2.49,3.09,3.01,0.063567415603677,0.0754036755451236,0.0357428457234193,2.5,3.1,3.0,3.09,"09 Apr 15:30, GMT +2"
,2023-04-09 16:39:04.372608,2023-04-09 20:00:00,Ecuador,Liga Pro,Mushuc Runa - Libertad,['Marsbet'],['https://www.oddsportal.com/bookmaker/marsbet/link'],2.0,['Suprabets'],['https://www.oddsportal.com/bookmaker/suprabets/link'],3.71,['Suprabets'],['https://www.oddsportal.com/bookmaker/suprabets/link'],4.1,7.0,1.93,3.43,3.7,0.0402542937245868,0.1647880518751779,0.1924599083615353,1.94,3.5,3.75,4.1,"09 Apr 15:30, GMT +2"
,2023-04-09 16:39:10.525868,2023-04-09 22:30:00,Ecuador,Liga Pro,Guayaquil City - LDU Quito,['Suprabets'],['https://www.oddsportal.com/bookmaker/suprabets/link'],4.7,['Suprabets'],['https://www.oddsportal.com/bookmaker/suprabets/link'],3.76,['Suprabets'],['https://www.oddsportal.com/bookmaker/suprabets/link'],1.85,7.0,4.28,3.55,1.77,0.2373922956644051,0.1271027223973441,0.0433777898591114,4.4,3.55,1.75,1.85,"09 Apr 15:30, GMT +2"
,2023-04-09 16:39:16.308271,2023-04-09 21:15:00,Egypt,Premier League,Smouha - El Daklyeh,['Marsbet'],['https://www.oddsportal.com/bookmaker/marsbet/link'],2.11,['Marsbet'],['https://www.oddsportal.com/bookmaker/marsbet/link'],3.15,"['GGBET', 'Suprabets']","['https://www.oddsportal.com/bookmaker/ggbet/link', 'https://www.oddsportal.com/bookmaker/suprabets/link']",4.2,6.0,2.0,3.0,3.97,0.0525991127935316,0.0687184270936276,0.2376096238230542,1.995,3.0,3.775,4.2,"09 Apr 15:30, GMT +2"
,2023-04-09 16:39:21.078302,2023-04-09 21:15:00,Egypt,Premier League,Enppi - Arab Contractors,['Suprabets'],['https://www.oddsportal.com/bookmaker/suprabets/link'],3.06,['Marsbet'],['https://www.oddsportal.com/bookmaker/marsbet/link'],3.05,['Suprabets'],['https://www.oddsportal.com/bookmaker/suprabets/link'],2.63,6.0,2.99,2.83,2.52,0.0767390962214755,0.1331248369847723,0.0772442015083764,3.0,2.775,2.5,2.63,"09 Apr 15:30, GMT +2"
,2023-04-09 16:39:25.409856,2023-04-09 21:15:00,Egypt,Premier League,Zamalek - National Bank Egypt,['Marsbet'],['https://www.oddsportal.com/bookmaker/marsbet/link'],2.13,['Marsbet'],['https://www.oddsportal.com/bookmaker/marsbet/link'],3.15,['Suprabets'],['https://www.oddsportal.com/bookmaker/suprabets/link'],4.1,6.0,2.02,3.05,3.84,0.0591607978309961,0.064657215804236,0.1880085695446412,2.0,3.0,3.75,4.1,"09 Apr 15:30, GMT +2"
,2023-04-09 16:39:29.295727,2023-04-09 23:00:00,El Salvador,Primera Division,Atletico Marte - Santa Tecla,['Suprabets'],['https://www.oddsportal.com/bookmaker/suprabets/link'],2.58,['Marsbet'],['https://www.oddsportal.com/bookmaker/marsbet/link'],3.1,['Suprabets'],['https://www.oddsportal.com/bookmaker/suprabets/link'],2.98,6.0,2.48,2.92,2.86,0.0790920701180311,0.0931694990624913,0.082747943915376,2.48,2.925,2.825,2.98,"09 Apr 15:30, GMT +2"
,2023-04-09 16:39:33.238830,2023-04-09 23:00:00,El Salvador,Primera Division,11 Deportivo - Luis Angel Firpo,['Suprabets'],['https://www.oddsportal.com/bookmaker/suprabets/link'],2.11,['Marsbet'],['https://www.oddsportal.com/bookmaker/marsbet/link'],3.1,['GGBET'],['https://www.oddsportal.com/bookmaker/ggbet/link'],4.05,6.0,2.02,2.94,3.84,0.0618465843842648,0.0799305253885453,0.1422048600513435,2.0,2.975,3.85,3.92,"09 Apr 15:30, GMT +2"
,2023-04-09 16:39:37.523366,2023-04-09 23:00:00,El Salvador,Primera Division,Platense Municipal - FAS,"['GGBET', 'Marsbet']","['https://www.oddsportal.com/bookmaker/ggbet/link', 'https://www.oddsportal.com/bookmaker/marsbet/link']",2.75,['Marsbet'],['https://www.oddsportal.com/bookmaker/marsbet/link'],3.0,['Suprabets'],['https://www.oddsportal.com/bookmaker/suprabets/link'],2.71,6.0,2.69,2.9,2.63,0.0593483127158828,0.0390512483795333,0.0913631338244383,2.685,2.9,2.6500000000000004,2.71,"09 Apr 15:30, GMT +2"
,2023-04-09 16:39:42.025139,2023-04-09 23:30:00,El Salvador,Primera Division,Chalatenango - Dragon,['Suprabets'],['https://www.oddsportal.com/bookmaker/suprabets/link'],2.67,['Marsbet'],['https://www.oddsportal.com/bookmaker/marsbet/link'],3.05,['Suprabets'],['https://www.oddsportal.com/bookmaker/suprabets/link'],2.8,6.0,2.61,2.94,2.7,0.0730296743340221,0.0533593686452737,0.0849836585598797,2.55,2.975,2.7,2.8,"09 Apr 15:30, GMT +2"
,2023-04-09 16:39:48.070068,2023-04-09 17:30:00,England,Premier League,Liverpool - Arsenal,['Suprabets'],['https://www.oddsportal.com/bookmaker/suprabets/link'],2.74,['Suprabets'],['https://www.oddsportal.com/bookmaker/suprabets/link'],3.67,['Suprabets'],['https://www.oddsportal.com/bookmaker/suprabets/link'],2.68,8.0,2.66,3.55,2.64,0.0437142711251143,0.0876694787254949,0.0280345768650072,2.64,3.525,2.605,2.68,"09 Apr 15:30, GMT +2"
,2023-04-09 16:39:53.813891,2023-04-09 16:00:00,Estonia,Esiliiga,Elva - FC Tallinn,['Marsbet'],['https://www.oddsportal.com/bookmaker/marsbet/link'],2.28,['Marsbet'],['https://www.oddsportal.com/bookmaker/marsbet/link'],3.9,['Betway'],['https://www.oddsportal.com/bookmaker/betway/link'],2.63,4.0,2.22,3.85,2.57,0.0334477204006489,0.0749999999999999,0.0584700778176324,2.205,3.75,2.55,2.6,"09 Apr 15:30, GMT +2"
,2023-04-09 16:39:59.220275,2023-04-09 18:00:00,Estonia,Meistriliiga,Tallinna Kalev - Levadia,['Marsbet'],['https://www.oddsportal.com/bookmaker/marsbet/link'],7.2,"['Marsbet', 'Suprabets']","['https://www.oddsportal.com/bookmaker/marsbet/link', 'https://www.oddsportal.com/bookmaker/suprabets/link']",5.0,['Betway'],['https://www.oddsportal.com/bookmaker/betway/link'],1.4,5.0,6.43,4.82,1.37,0.4915282290977804,0.2039607805437114,0.0233238075793811,6.5,4.75,1.37,1.37,"09 Apr 15:30, GMT +2"
,2023-04-09 16:40:03.898324,2023-04-09 17:00:00,Ethiopia,Premier League,Ethio Electric - Welayta Dicha,['GGBET'],['https://www.oddsportal.com/bookmaker/ggbet/link'],3.45,['Marsbet'],['https://www.oddsportal.com/bookmaker/marsbet/link'],2.9,"['GGBET', 'Marsbet', 'Suprabets']","['https://www.oddsportal.com/bookmaker/ggbet/link', 'https://www.oddsportal.com/bookmaker/marsbet/link', 'https://www.oddsportal.com/bookmaker/suprabets/link']",2.35,5.0,3.3,2.77,2.31,0.1307516730294492,0.0516139516022557,0.04,3.25,2.8,2.35,2.35,"09 Apr 15:30, GMT +2"
,2023-04-09 16:40:09.226194,2023-04-09 17:05:00,France,Ligue 1,Nantes - Monaco,['Suprabets'],['https://www.oddsportal.com/bookmaker/suprabets/link'],3.73,['Suprabets'],['https://www.oddsportal.com/bookmaker/suprabets/link'],3.95,['Suprabets'],['https://www.oddsportal.com/bookmaker/suprabets/link'],2.04,8.0,3.58,3.78,2.0,0.071839665227505,0.0972030735110778,0.0236841191518705,3.6,3.775,2.0,2.04,"09 Apr 15:30, GMT +2"
,2023-04-09 16:40:13.996483,2023-04-09 20:45:00,France,Ligue 1,Lorient - Marseille,['Suprabets'],['https://www.oddsportal.com/bookmaker/suprabets/link'],5.9,['Suprabets'],['https://www.oddsportal.com/bookmaker/suprabets/link'],4.6,"['bwin', 'GGBET', 'Suprabets']","['https://www.oddsportal.com/bookmaker/bwin/link', 'https://www.oddsportal.com/bookmaker/ggbet/link', 'https://www.oddsportal.com/bookmaker/suprabets/link']",1.6,8.0,5.62,4.35,1.57,0.1869784412706449,0.1361983847187623,0.0244629822384761,5.55,4.33,1.58,1.6,"09 Apr 15:30, GMT +2"
,2023-04-09 16:40:18.259574,2023-04-10 00:00:00,Argentina,Liga Profesional,Huracan - River Plate,['Suprabets'],['https://www.oddsportal.com/bookmaker/suprabets/link'],4.1,['Suprabets'],['https://www.oddsportal.com/bookmaker/suprabets/link'],3.34,['Suprabets'],['https://www.oddsportal.com/bookmaker/suprabets/link'],2.09,7.0,3.83,3.23,2.03,0.1919077159172381,0.0797956573929653,0.0362530786869985,3.8,3.2,2.0,2.09,"09 Apr 15:30, GMT +2"
,2023-04-09 16:40:22.696915,2023-04-10 02:30:00,Argentina,Liga Profesional,Boca Juniors - Colon Santa Fe,"['GGBET', 'Marsbet']","['https://www.oddsportal.com/bookmaker/ggbet/link', 'https://www.oddsportal.com/bookmaker/marsbet/link']",1.87,['Suprabets'],['https://www.oddsportal.com/bookmaker/suprabets/link'],3.73,['Suprabets'],['https://www.oddsportal.com/bookmaker/suprabets/link'],4.75,7.0,1.83,3.52,4.36,0.0395897327444315,0.1110249098727168,0.2370481738691397,1.85,3.5,4.2,4.75,"09 Apr 15:30, GMT +2"
,2023-04-09 16:40:27.221398,2023-04-10 01:00:00,Argentina,Primera C,Laferrere - Victoriano A.,"['GGBET', 'Suprabets']","['https://www.oddsportal.com/bookmaker/ggbet/link', 'https://www.oddsportal.com/bookmaker/suprabets/link']",1.52,['Suprabets'],['https://www.oddsportal.com/bookmaker/suprabets/link'],3.9,['GGBET'],['https://www.oddsportal.com/bookmaker/ggbet/link'],6.2,4.0,1.5,3.79,5.96,0.0129903810567665,0.0544862367942584,0.1887458608817688,1.51,3.8,5.875,6.0,"09 Apr 15:30, GMT +2"
,2023-04-09 16:40:31.856119,2023-04-10 01:00:00,Argentina,Primera Nacional,Atl. Rafaela - CA Estudiantes,['Suprabets'],['https://www.oddsportal.com/bookmaker/suprabets/link'],1.87,['Suprabets'],['https://www.oddsportal.com/bookmaker/suprabets/link'],3.41,['bet365'],['https://www.oddsportal.com/bookmaker/bet365/link'],5.25,6.0,1.79,3.21,4.75,0.0445034330760623,0.1176742207206923,0.2661453237111887,1.79,3.275,4.875,5.2,"09 Apr 15:30, GMT +2"
,2023-04-09 16:40:37.620488,2023-04-10 00:00:00,Argentina,Torneo Federal,9 de Julio Rafaela - Gimnasia y Tiro,['GGBET'],['https://www.oddsportal.com/bookmaker/ggbet/link'],2.75,['Suprabets'],['https://www.oddsportal.com/bookmaker/suprabets/link'],3.17,['GGBET'],['https://www.oddsportal.com/bookmaker/ggbet/link'],2.6,4.0,2.71,3.05,2.52,0.0364005494464026,0.0833666600026652,0.0540254569624357,2.71,3.0,2.51,2.52,"09 Apr 15:30, GMT +2"
,2023-04-09 16:40:43.551008,2023-04-10 01:30:00,Bolivia,Division Profesional,Independiente Petrolero - Always Ready,['bet365'],['https://www.oddsportal.com/bookmaker/bet365/link'],3.0,['Suprabets'],['https://www.oddsportal.com/bookmaker/suprabets/link'],3.76,['Suprabets'],['https://www.oddsportal.com/bookmaker/suprabets/link'],2.4,6.0,2.83,3.48,2.25,0.121335164821342,0.1593389120362282,0.0548988969733353,2.825,3.475,2.25,2.4,"09 Apr 15:30, GMT +2"
,2023-04-09 16:40:54.259539,2023-04-10 01:20:00,Colombia,Primera A,Petrolera - Santa Fe,['bet365'],['https://www.oddsportal.com/bookmaker/bet365/link'],3.2,['Suprabets'],['https://www.oddsportal.com/bookmaker/suprabets/link'],3.37,['Suprabets'],['https://www.oddsportal.com/bookmaker/suprabets/link'],2.44,7.0,3.02,3.15,2.35,0.111336958676564,0.0941774269934257,0.0520204041600946,3.05,3.1,2.35,2.44,"09 Apr 15:30, GMT +2"
,2023-04-09 16:41:00.658387,2023-04-10 03:30:00,Colombia,Primera B,Cortulua - Fortaleza,['Marsbet'],['https://www.oddsportal.com/bookmaker/marsbet/link'],1.98,['Suprabets'],['https://www.oddsportal.com/bookmaker/suprabets/link'],3.36,['GGBET'],['https://www.oddsportal.com/bookmaker/ggbet/link'],4.2,6.0,1.88,3.27,3.95,0.0493288286231624,0.0963932916061416,0.2376096238230542,1.865,3.225,3.85,4.1,"09 Apr 15:30, GMT +2"
,2023-04-09 16:41:07.173167,2023-04-10 00:00:00,Costa Rica,Primera Division,Saprissa - San Carlos,['Marsbet'],['https://www.oddsportal.com/bookmaker/marsbet/link'],1.41,['Suprabets'],['https://www.oddsportal.com/bookmaker/suprabets/link'],4.75,"['GGBET', 'Suprabets']","['https://www.oddsportal.com/bookmaker/ggbet/link', 'https://www.oddsportal.com/bookmaker/suprabets/link']",7.9,7.0,1.37,4.56,7.39,0.0216653584115757,0.182667312179206,0.4981598792617914,1.36,4.5,7.2,7.9,"09 Apr 15:30, GMT +2"
,2023-04-09 16:41:13.318954,2023-04-10 01:00:00,Ecuador,Liga Pro,Aucas - Emelec,['Suprabets'],['https://www.oddsportal.com/bookmaker/suprabets/link'],2.15,['Suprabets'],['https://www.oddsportal.com/bookmaker/suprabets/link'],3.63,['Suprabets'],['https://www.oddsportal.com/bookmaker/suprabets/link'],3.59,7.0,2.05,3.37,3.36,0.0529150262212918,0.1573634814883124,0.0913168960828394,2.05,3.4,3.4,3.59,"09 Apr 15:30, GMT +2"
,2023-04-09 16:41:20.502943,2023-04-10 02:05:00,Mexico,Liga MX,Santos Laguna - Pachuca,['Suprabets'],['https://www.oddsportal.com/bookmaker/suprabets/link'],2.71,['GGBET'],['https://www.oddsportal.com/bookmaker/ggbet/link'],3.65,['BC.Game'],['https://www.oddsportal.com/bookmaker/bc-game/link'],2.75,7.0,2.56,3.43,2.59,0.0837391479414447,0.1403784971032942,0.0601019541941789,2.58,3.4,2.68,2.68,"09 Apr 15:30, GMT +2"
,2023-04-09 16:41:27.020899,2023-04-10 00:00:00,Mexico,Liga Premier Serie A,Lobos ULMX - Pachuca 2,['BC.Game'],['https://www.oddsportal.com/bookmaker/bc-game/link'],6.4,['BC.Game'],['https://www.oddsportal.com/bookmaker/bc-game/link'],4.8,['Suprabets'],['https://www.oddsportal.com/bookmaker/suprabets/link'],1.49,4.0,5.79,4.35,1.44,0.2893959225697557,0.2316651678608589,0.033166247903554,5.75,4.315,1.43,1.49,"09 Apr 15:30, GMT +2"
,2023-04-09 16:41:32.614074,2023-04-10 02:00:00,Mexico,Liga Premier Serie A,Cafetaleros - Tampico Madero,['BC.Game'],['https://www.oddsportal.com/bookmaker/bc-game/link'],3.15,['BC.Game'],['https://www.oddsportal.com/bookmaker/bc-game/link'],3.4,['Suprabets'],['https://www.oddsportal.com/bookmaker/suprabets/link'],2.42,4.0,2.82,3.2,2.32,0.1419506956657839,0.1074709263010233,0.0944391338376204,2.845,3.23,2.225,2.42,"09 Apr 15:30, GMT +2"
,2023-04-09 16:41:41.201471,2023-04-10 00:00:00,Morocco,Botola 2,Ittihad Khemisset - Ittifaq Marrakech,['Suprabets'],['https://www.oddsportal.com/bookmaker/suprabets/link'],2.79,['Suprabets'],['https://www.oddsportal.com/bookmaker/suprabets/link'],2.58,['Suprabets'],['https://www.oddsportal.com/bookmaker/suprabets/link'],3.0,3.0,2.74,2.54,2.93,0.0579271573232759,0.0377123616632825,0.0849836585598797,2.7,2.5,2.85,3.0,"09 Apr 15:30, GMT +2"
,2023-04-09 16:41:47.270702,2023-04-10 00:00:00,Morocco,Botola 2,RAC Casablanca - Dcheira,['Suprabets'],['https://www.oddsportal.com/bookmaker/suprabets/link'],2.48,['Suprabets'],['https://www.oddsportal.com/bookmaker/suprabets/link'],2.69,['Suprabets'],['https://www.oddsportal.com/bookmaker/suprabets/link'],3.27,3.0,2.45,2.66,3.2,0.0329983164553722,0.0424264068711927,0.1114550233153365,2.43,2.6,3.1,3.27,"09 Apr 15:30, GMT +2"
,2023-04-09 16:41:53.068033,2023-04-10 00:00:00,Morocco,Botola Pro,Hassania Agadir - FAR Rabat,['GGBET'],['https://www.oddsportal.com/bookmaker/ggbet/link'],3.9,['bet365'],['https://www.oddsportal.com/bookmaker/bet365/link'],3.4,['Suprabets'],['https://www.oddsportal.com/bookmaker/suprabets/link'],2.0,7.0,3.84,3.13,1.94,0.1637818359767601,0.0977919490864275,0.0534140545595425,3.8,3.2,1.94,2.0,"09 Apr 15:30, GMT +2"
,2023-04-09 16:41:57.944921,2023-04-10 00:00:00,Morocco,Botola Pro,Moghreb Tetouan - Chabab Mohammedia,['Marsbet'],['https://www.oddsportal.com/bookmaker/marsbet/link'],2.43,['Marsbet'],['https://www.oddsportal.com/bookmaker/marsbet/link'],2.85,['GGBET'],['https://www.oddsportal.com/bookmaker/ggbet/link'],3.35,7.0,2.37,2.78,3.19,0.0381725406168211,0.0429997626951211,0.1224411562126635,2.38,2.8,3.1,3.34,"09 Apr 15:30, GMT +2"
,2023-04-09 23:01:57.507346,2023-04-09 23:00:00,Algeria,Ligue 1,Saoura - ASO Chlef,['Marsbet'],['https://www.oddsportal.com/bookmaker/marsbet/link'],1.56,['Marsbet'],['https://www.oddsportal.com/bookmaker/marsbet/link'],3.8,['GGBET'],['https://www.oddsportal.com/bookmaker/ggbet/link'],7.0,6.0,1.51,3.65,6.47,0.0242670329642684,0.1008987391177687,0.4609772228646445,1.5,3.625,6.2,/football/algeria/ligue-1/saoura-aso-chlef-vgvHpO9B/,"09 Apr 22:00, GMT +2"
,2023-04-09 23:02:00.796073,2023-04-09 23:00:00,Algeria,Ligue 1,Biskra - CR Belouizdad,"['GGBET', 'Suprabets']","['https://www.oddsportal.com/bookmaker/ggbet/link', 'https://www.oddsportal.com/bookmaker/suprabets/link']",4.0,['Marsbet'],['https://www.oddsportal.com/bookmaker/marsbet/link'],3.05,['Marsbet'],['https://www.oddsportal.com/bookmaker/marsbet/link'],2.2,6.0,3.79,2.83,2.11,0.2304886114323222,0.1024695076595959,0.0390156663690654,3.725,2.8200000000000003,2.1,/football/algeria/ligue-1/biskra-cr-belouizdad-hdrLqrPH/,"09 Apr 22:00, GMT +2"
,2023-04-09 23:02:04.267414,2023-04-09 23:00:00,Argentina,Primera Nacional,CA Mitre - Racing Cordoba,['Suprabets'],['https://www.oddsportal.com/bookmaker/suprabets/link'],2.56,"['bet365', 'Marsbet']","['https://www.oddsportal.com/bookmaker/bet365/link', 'https://www.oddsportal.com/bookmaker/marsbet/link']",3.0,['Suprabets'],['https://www.oddsportal.com/bookmaker/suprabets/link'],3.7,6.0,2.41,2.77,3.3,0.0684754619472471,0.1252220250417456,0.213437474581095,2.425,2.8,3.2,/football/argentina/primera-nacional/ca-mitre-racing-cordoba-zToSGL41/,"09 Apr 22:00, GMT +2"
,2023-04-09 23:02:07.622483,2023-04-09 23:00:00,Argentina,Primera Nacional,Chaco For Ever - Dep. Riestra,['Suprabets'],['https://www.oddsportal.com/bookmaker/suprabets/link'],2.74,['bet365'],['https://www.oddsportal.com/bookmaker/bet365/link'],3.4,['Suprabets'],['https://www.oddsportal.com/bookmaker/suprabets/link'],3.05,6.0,2.58,2.94,2.85,0.0731247032282677,0.185741756210067,0.1105541596785132,2.6,3.03,2.825,/football/argentina/primera-nacional/chaco-for-ever-deportivo-riestra-EJpWFuK7/,"09 Apr 22:00, GMT +2"
,2023-04-09 23:02:10.812947,2023-04-09 23:30:00,Argentina,Torneo Federal,Ferro Gen. Pico - Biblioteca Atenas,['Suprabets'],['https://www.oddsportal.com/bookmaker/suprabets/link'],2.14,['Betway'],['https://www.oddsportal.com/bookmaker/betway/link'],3.1,['GGBET'],['https://www.oddsportal.com/bookmaker/ggbet/link'],3.95,5.0,2.04,3.01,3.75,0.0661513416341649,0.0694550214167413,0.1568438714135812,2.0,3.05,3.75,/football/argentina/torneo-federal/ferro-gen-pico-biblioteca-atenas-McPGP98g/,"09 Apr 22:00, GMT +2"
,2023-04-09 23:02:14.130334,2023-04-09 23:30:00,Bolivia,Division Profesional,Guabira - Oriente Petrolero,['bet365'],['https://www.oddsportal.com/bookmaker/bet365/link'],2.7,['Suprabets'],['https://www.oddsportal.com/bookmaker/suprabets/link'],3.38,['Suprabets'],['https://www.oddsportal.com/bookmaker/suprabets/link'],2.94,6.0,2.53,3.14,2.7,0.0699205898780101,0.1286683937707918,0.1290564045507063,2.575,3.175,2.65,/football/bolivia/division-profesional/guabira-oriente-petrolero-xlWxWLQE/,"09 Apr 22:00, GMT +2"
,2023-04-09 23:02:17.424843,2023-04-09 23:00:00,Brazil,Campeonato Carioca,Fluminense - Flamengo RJ,['Marsbet'],['https://www.oddsportal.com/bookmaker/marsbet/link'],2.31,['BC.Game'],['https://www.oddsportal.com/bookmaker/bc-game/link'],3.6,['Suprabets'],['https://www.oddsportal.com/bookmaker/suprabets/link'],3.16,7.0,2.23,3.32,2.98,0.0443547848464571,0.1088530182945642,0.089259996296076,2.2,3.41,2.95,/football/brazil/campeonato-carioca/fluminense-flamengo-rj-Oj1QTfwa/,"09 Apr 22:00, GMT +2"
,2023-04-09 23:02:21.827145,2023-04-09 23:00:00,Chile,Chilean Cup,Colchagua - U. Espanola,"['bet365', 'Marsbet']","['https://www.oddsportal.com/bookmaker/bet365/link', 'https://www.oddsportal.com/bookmaker/marsbet/link']",29.0,['Marsbet'],['https://www.oddsportal.com/bookmaker/marsbet/link'],12.0,['Marsbet'],['https://www.oddsportal.com/bookmaker/marsbet/link'],1.07,4.0,22.45,11.55,1.05,2.48746859276655,0.9313968005098576,0.0082915619758885,27.5,11.0,1.0550000000000002,/football/chile/chilean-cup/colchagua-cd-u-espanola-vuuP28gC/,"09 Apr 22:00, GMT +2"
,2023-04-09 23:02:25.207255,2023-04-09 23:10:00,Colombia,Primera B,Cartagena - Cucuta,['Suprabets'],['https://www.oddsportal.com/bookmaker/suprabets/link'],2.54,['Marsbet'],['https://www.oddsportal.com/bookmaker/marsbet/link'],3.1,['Suprabets'],['https://www.oddsportal.com/bookmaker/suprabets/link'],2.87,6.0,2.49,3.0,2.8,0.0597215762238963,0.0623609564462323,0.0610100173924104,2.475,2.955,2.825,/football/colombia/primera-b/cartagena-cucuta-CWogV6YN/,"09 Apr 22:00, GMT +2"
,2023-04-09 23:02:28.616216,2023-04-09 23:00:00,Costa Rica,Primera Division,AD Santos - Herediano,['GGBET'],['https://www.oddsportal.com/bookmaker/ggbet/link'],5.1,"['bet365', 'GGBET', 'Marsbet']","['https://www.oddsportal.com/bookmaker/bet365/link', 'https://www.oddsportal.com/bookmaker/ggbet/link', 'https://www.oddsportal.com/bookmaker/marsbet/link']",4.0,['Marsbet'],['https://www.oddsportal.com/bookmaker/marsbet/link'],1.64,7.0,4.96,3.9,1.58,0.1726149424799224,0.0889163789691168,0.0310365156891434,5.0,3.97,1.59,/football/costa-rica/primera-division/santos-de-guapiles-herediano-h8G4FiPu/,"09 Apr 22:00, GMT +2"
,2023-04-09 23:02:32.096692,2023-04-09 22:30:00,Ecuador,Liga Pro,Guayaquil City - LDU Quito,['Suprabets'],['https://www.oddsportal.com/bookmaker/suprabets/link'],4.6,['Suprabets'],['https://www.oddsportal.com/bookmaker/suprabets/link'],3.8,"['bet365', 'Suprabets']","['https://www.oddsportal.com/bookmaker/bet365/link', 'https://www.oddsportal.com/bookmaker/suprabets/link']",1.85,7.0,4.18,3.56,1.78,0.2356060357495806,0.1373956004405096,0.0446757022031768,4.2,3.6,1.78,/football/ecuador/liga-pro/guayaquil-city-ldu-quito-dv6TA5Qc/,"09 Apr 22:00, GMT +2"
,2023-04-09 23:02:35.422879,2023-04-09 23:00:00,El Salvador,Primera Division,Atletico Marte - Santa Tecla,['Suprabets'],['https://www.oddsportal.com/bookmaker/suprabets/link'],2.58,['Marsbet'],['https://www.oddsportal.com/bookmaker/marsbet/link'],3.05,['Suprabets'],['https://www.oddsportal.com/bookmaker/suprabets/link'],3.01,6.0,2.5,2.89,2.87,0.0643989302878722,0.0906764700582363,0.1176742207206922,2.5,2.9,2.825,/football/el-salvador/primera-division/atletico-marte-santa-tecla-WtGMr44K/,"09 Apr 22:00, GMT +2"
,2023-04-09 23:02:38.817854,2023-04-09 23:00:00,El Salvador,Primera Division,11 Deportivo - Luis Angel Firpo,['Suprabets'],['https://www.oddsportal.com/bookmaker/suprabets/link'],2.11,['Marsbet'],['https://www.oddsportal.com/bookmaker/marsbet/link'],3.05,['GGBET'],['https://www.oddsportal.com/bookmaker/ggbet/link'],4.0,6.0,2.05,2.92,3.77,0.0449999999999999,0.0629152869605895,0.1424488212189439,2.045,2.9,3.8,/football/el-salvador/primera-division/11-deportivo-luis-angel-firpo-Q3FQsOJQ/,"09 Apr 22:00, GMT +2"
,2023-04-09 23:02:42.182834,2023-04-09 23:00:00,El Salvador,Primera Division,Platense Municipal - FAS,"['GGBET', 'Marsbet']","['https://www.oddsportal.com/bookmaker/ggbet/link', 'https://www.oddsportal.com/bookmaker/marsbet/link']",2.75,['Marsbet'],['https://www.oddsportal.com/bookmaker/marsbet/link'],3.0,['Suprabets'],['https://www.oddsportal.com/bookmaker/suprabets/link'],2.71,6.0,2.69,2.9,2.63,0.0543905629069357,0.0390512483795333,0.0843932593411477,2.71,2.9,2.615,/football/el-salvador/primera-division/platense-municipal-fas-Ove1yMdf/,"09 Apr 22:00, GMT +2"
,2023-04-09 23:02:45.587350,2023-04-09 23:30:00,El Salvador,Primera Division,Chalatenango - Dragon,['Suprabets'],['https://www.oddsportal.com/bookmaker/suprabets/link'],2.67,"['Betway', 'Marsbet']","['https://www.oddsportal.com/bookmaker/betway/link', 'https://www.oddsportal.com/bookmaker/marsbet/link']",3.0,['Suprabets'],['https://www.oddsportal.com/bookmaker/suprabets/link'],2.81,6.0,2.62,2.91,2.71,0.0722649446289293,0.0610100173924104,0.0873212459828649,2.6,2.925,2.7,/football/el-salvador/primera-division/chalatenango-dragon-K6CIqpkE/,"09 Apr 22:00, GMT +2"
,2023-04-09 23:02:48.965935,2023-04-09 23:30:00,Honduras,Liga Nacional,Real Sociedad - Victoria,['Marsbet'],['https://www.oddsportal.com/bookmaker/marsbet/link'],2.42,['GGBET'],['https://www.oddsportal.com/bookmaker/ggbet/link'],3.4,['Suprabets'],['https://www.oddsportal.com/bookmaker/suprabets/link'],3.01,6.0,2.26,3.3,2.87,0.0668331255192114,0.0885845484394553,0.1352364185006718,2.275,3.295,2.865,/football/honduras/liga-nacional/real-sociedad-victoria-0GWiDDAR/,"09 Apr 22:00, GMT +2"
,2023-04-09 23:02:52.414892,2023-04-10 00:00:00,Argentina,Liga Profesional,Huracan - River Plate,['Suprabets'],['https://www.oddsportal.com/bookmaker/suprabets/link'],4.6,['Suprabets'],['https://www.oddsportal.com/bookmaker/suprabets/link'],3.45,['GGBET'],['https://www.oddsportal.com/bookmaker/ggbet/link'],1.97,7.0,4.3,3.32,1.9,0.1454759956354396,0.1082891066185555,0.047337261502231,4.3,3.3,1.91,/football/argentina/liga-profesional/huracan-river-plate-MmhsghD9/,"09 Apr 22:00, GMT +2"
,2023-04-09 23:02:55.832490,2023-04-10 02:30:00,Argentina,Liga Profesional,Boca Juniors - Colon Santa Fe,['Suprabets'],['https://www.oddsportal.com/bookmaker/suprabets/link'],1.84,['Suprabets'],['https://www.oddsportal.com/bookmaker/suprabets/link'],3.74,"['bet365', 'Suprabets']","['https://www.oddsportal.com/bookmaker/bet365/link', 'https://www.oddsportal.com/bookmaker/suprabets/link']",4.75,7.0,1.8,3.58,4.43,0.030572763655761,0.1173343382764633,0.2476996205907799,1.8,3.6,4.4,/football/argentina/liga-profesional/boca-juniors-colon-santa-fe-CCRsYjyp/,"09 Apr 22:00, GMT +2"
,2023-04-09 23:02:59.834064,2023-04-10 01:00:00,Argentina,Primera C,Laferrere - Victoriano A.,['Suprabets'],['https://www.oddsportal.com/bookmaker/suprabets/link'],1.54,['Betway'],['https://www.oddsportal.com/bookmaker/betway/link'],3.8,['GGBET'],['https://www.oddsportal.com/bookmaker/ggbet/link'],6.4,4.0,1.51,3.7,6.05,0.0206155281280883,0.0409267638593621,0.2839454172900138,1.515,3.72,5.975,/football/argentina/primera-c/laferrere-victoriano-arenas-2B1ZfbME/,"09 Apr 22:00, GMT +2"
,2023-04-09 23:03:03.296458,2023-04-10 01:00:00,Argentina,Primera Nacional,Atl. Rafaela - CA Estudiantes,['Suprabets'],['https://www.oddsportal.com/bookmaker/suprabets/link'],1.85,['Suprabets'],['https://www.oddsportal.com/bookmaker/suprabets/link'],3.45,['bet365'],['https://www.oddsportal.com/bookmaker/bet365/link'],5.25,6.0,1.78,3.23,4.8,0.0351188458428424,0.1272028126872812,0.2357022603955159,1.79,3.275,4.85,/football/argentina/primera-nacional/atl-rafaela-ca-estudiantes-KYSiXtkr/,"09 Apr 22:00, GMT +2"
,2023-04-09 23:03:06.690582,2023-04-10 00:00:00,Argentina,Torneo Federal,9 de Julio Rafaela - Gimnasia y Tiro,['GGBET'],['https://www.oddsportal.com/bookmaker/ggbet/link'],2.8,['Betway'],['https://www.oddsportal.com/bookmaker/betway/link'],3.0,['Suprabets'],['https://www.oddsportal.com/bookmaker/suprabets/link'],2.81,4.0,2.69,2.84,2.68,0.1316244658108818,0.0857321409974113,0.0777817459305202,2.66,2.8600000000000003,2.675,/football/argentina/torneo-federal/9-de-julio-rafaela-gimnasia-y-tiro-CjWD06Tm/,"09 Apr 22:00, GMT +2"
,2023-04-09 23:03:10.169380,2023-04-10 08:00:00,Australia,A-League,Melbourne City - Wellington Phoenix,['Suprabets'],['https://www.oddsportal.com/bookmaker/suprabets/link'],1.52,['Suprabets'],['https://www.oddsportal.com/bookmaker/suprabets/link'],5.1,['bet365'],['https://www.oddsportal.com/bookmaker/bet365/link'],6.5,7.0,1.48,4.78,5.81,0.0238190457150472,0.2427142436727449,0.3085383580162229,1.49,4.8,5.75,/football/australia/a-league/melbourne-city-wellington-phoenix-vDh4o48b/,"09 Apr 22:00, GMT +2"
,2023-04-09 23:03:13.443159,2023-04-10 07:00:00,Australia,NPL Northern NSW,Newcastle Olympic - Adamstown Rosebud,['bwin'],['https://www.oddsportal.com/bookmaker/bwin/link'],1.23,['Suprabets'],['https://www.oddsportal.com/bookmaker/suprabets/link'],7.6,"['Betway', 'bwin']","['https://www.oddsportal.com/bookmaker/betway/link', 'https://www.oddsportal.com/bookmaker/bwin/link']",10.0,5.0,1.21,6.73,9.11,0.012,0.6337191807101942,0.4732863826479692,1.22,6.4,9.6,/football/australia/npl-northern-nsw/newcastle-olympic-adamstown-rosebud-d2EMJ6Cf/,"09 Apr 22:00, GMT +2"
,2023-04-09 23:03:16.699821,2023-04-10 07:30:00,Australia,NPL Northern NSW,Maitland - Broadmeadow,['Suprabets'],['https://www.oddsportal.com/bookmaker/suprabets/link'],2.65,['Suprabets'],['https://www.oddsportal.com/bookmaker/suprabets/link'],3.66,['bwin'],['https://www.oddsportal.com/bookmaker/bwin/link'],2.5,5.0,2.56,3.55,2.38,0.0894427190999916,0.0699714227381436,0.0615142259969187,2.6,3.6,2.4,/football/australia/npl-northern-nsw/maitland-broadmeadow-magic-fc-A5IQIQR0/,"09 Apr 22:00, GMT +2"
,2023-04-09 23:03:19.972104,2023-04-10 08:00:00,Australia,NPL Victoria,Melbourne Knights - North Geelong,['Marsbet'],['https://www.oddsportal.com/bookmaker/marsbet/link'],1.23,['Marsbet'],['https://www.oddsportal.com/bookmaker/marsbet/link'],6.6,['Marsbet'],['https://www.oddsportal.com/bookmaker/marsbet/link'],11.0,6.0,1.21,6.0,10.27,0.0089752746785575,0.2981423969999718,0.4413520892288453,1.22,6.050000000000001,10.0,/football/australia/npl-victoria/melbourne-knights-north-geelong-warriors-2eL9racJ/,"09 Apr 22:00, GMT +2"
,2023-04-09 23:03:23.256920,2023-04-10 09:00:00,Australia,NPL Victoria,Oakleigh Cannons - Bentleigh Greens,['GGBET'],['https://www.oddsportal.com/bookmaker/ggbet/link'],1.3,['Marsbet'],['https://www.oddsportal.com/bookmaker/marsbet/link'],5.8,['Marsbet'],['https://www.oddsportal.com/bookmaker/marsbet/link'],9.0,6.0,1.27,5.48,8.24,0.0125830573921179,0.2049728979374805,0.3805150018943624,1.29,5.45,8.125,/football/australia/npl-victoria/oakleigh-cannons-bentleigh-greens-ttijii1J/,"09 Apr 22:00, GMT +2"
,2023-04-09 23:03:26.712932,2023-04-10 01:30:00,Bolivia,Division Profesional,Independiente Petrolero - Always Ready,['Suprabets'],['https://www.oddsportal.com/bookmaker/suprabets/link'],3.04,['Suprabets'],['https://www.oddsportal.com/bookmaker/suprabets/link'],3.75,['Suprabets'],['https://www.oddsportal.com/bookmaker/suprabets/link'],2.35,6.0,2.89,3.5,2.22,0.0824115687671741,0.1426436897385308,0.0687184270936277,2.9,3.5,2.22,/football/bolivia/division-profesional/independiente-petrolero-always-ready-zPovBKlk/,"09 Apr 22:00, GMT +2"
,2023-04-09 23:03:29.871035,2023-04-10 00:30:00,Chile,Chilean Cup,Santiago City - Colo Colo,['Suprabets'],['https://www.oddsportal.com/bookmaker/suprabets/link'],34.0,['Suprabets'],['https://www.oddsportal.com/bookmaker/suprabets/link'],17.0,['Suprabets'],['https://www.oddsportal.com/bookmaker/suprabets/link'],1.07,3.0,23.54,13.15,1.04,6.236095644623235,2.0548046676563256,0.0124721912892464,24.0,15.0,1.05,/football/chile/chilean-cup/santiago-city-colo-colo-vDvNJ0U3/,"09 Apr 22:00, GMT +2"
,2023-04-09 23:03:33.128618,2023-04-10 01:20:00,Colombia,Primera A,Petrolera - Santa Fe,['GGBET'],['https://www.oddsportal.com/bookmaker/ggbet/link'],3.05,['Suprabets'],['https://www.oddsportal.com/bookmaker/suprabets/link'],3.23,['Suprabets'],['https://www.oddsportal.com/bookmaker/suprabets/link'],3.34,7.0,2.34,3.09,3.11,0.2586069431017043,0.0937212540963241,0.3026953745862634,2.35,3.1,3.1,/football/colombia/primera-a/petrolera-santa-fe-CYW1IfPM/,"09 Apr 22:00, GMT +2"
,2023-04-09 23:03:36.444945,2023-04-10 03:30:00,Colombia,Primera B,Cortulua - Fortaleza,['Marsbet'],['https://www.oddsportal.com/bookmaker/marsbet/link'],1.92,['GGBET'],['https://www.oddsportal.com/bookmaker/ggbet/link'],3.4,['GGBET'],['https://www.oddsportal.com/bookmaker/ggbet/link'],4.3,6.0,1.85,3.29,4.06,0.042979323194092,0.0687184270936275,0.220636704914562,1.85,3.27,3.975,/football/colombia/primera-b/cortulua-fortaleza-c-e-i-f-rFxPPpdo/,"09 Apr 22:00, GMT +2"
,2023-04-09 23:03:39.838872,2023-04-10 00:00:00,Costa Rica,Primera Division,Saprissa - San Carlos,['Marsbet'],['https://www.oddsportal.com/bookmaker/marsbet/link'],1.36,['Marsbet'],['https://www.oddsportal.com/bookmaker/marsbet/link'],5.0,['Suprabets'],['https://www.oddsportal.com/bookmaker/suprabets/link'],8.3,7.0,1.33,4.77,7.88,0.0127775312999988,0.152863818278805,0.4203982562732047,1.33,4.75,8.0,/football/costa-rica/primera-division/saprissa-san-carlos-0YJCDVgh/,"09 Apr 22:00, GMT +2"
,2023-04-09 23:03:43.077382,2023-04-10 01:00:00,Ecuador,Liga Pro,Aucas - Emelec,['Marsbet'],['https://www.oddsportal.com/bookmaker/marsbet/link'],1.97,['Suprabets'],['https://www.oddsportal.com/bookmaker/suprabets/link'],3.76,['Suprabets'],['https://www.oddsportal.com/bookmaker/suprabets/link'],4.1,7.0,1.92,3.44,3.73,0.0413052351280027,0.1689463143808029,0.1577908716741036,1.91,3.5,3.75,/football/ecuador/liga-pro/aucas-emelec-p42PBoBi/,"09 Apr 22:00, GMT +2"
,2023-04-09 23:03:46.484012,2023-04-10 02:05:00,Mexico,Liga MX,Santos Laguna - Pachuca,['Suprabets'],['https://www.oddsportal.com/bookmaker/suprabets/link'],2.71,['Suprabets'],['https://www.oddsportal.com/bookmaker/suprabets/link'],3.59,['Suprabets'],['https://www.oddsportal.com/bookmaker/suprabets/link'],2.68,7.0,2.6,3.41,2.56,0.0699854212223765,0.0939387555587062,0.0757816411992848,2.65,3.4,2.6,/football/mexico/liga-mx/santos-laguna-pachuca-zTJegUSK/,"09 Apr 22:00, GMT +2"
,2023-04-09 23:03:49.746570,2023-04-10 04:10:00,Mexico,Liga MX,Juarez - Atlas,['Suprabets'],['https://www.oddsportal.com/bookmaker/suprabets/link'],2.59,"['BC.Game', 'bet365']","['https://www.oddsportal.com/bookmaker/bc-game/link', 'https://www.oddsportal.com/bookmaker/bet365/link']",3.25,['Suprabets'],['https://www.oddsportal.com/bookmaker/suprabets/link'],3.11,7.0,2.49,3.1,2.92,0.0673401357108152,0.0596930926165033,0.0714856914468388,2.5,3.15,2.95,/football/mexico/liga-mx/juarez-atlas-lWNahlrR/,"09 Apr 22:00, GMT +2"
,2023-04-09 23:03:52.992719,2023-04-10 00:00:00,Mexico,Liga Premier Serie A,Lobos ULMX - Pachuca 2,['Suprabets'],['https://www.oddsportal.com/bookmaker/suprabets/link'],7.7,['BC.Game'],['https://www.oddsportal.com/bookmaker/bc-game/link'],4.9,['Betway'],['https://www.oddsportal.com/bookmaker/betway/link'],1.4,5.0,7.09,4.57,1.36,0.6887670143089025,0.1469693845669908,0.0116619037896905,7.0,4.6,1.37,/football/mexico/liga-premier-serie-a/lobos-ulmx-pachuca-IJDTf1nL/,"09 Apr 22:00, GMT +2"
,2023-04-09 23:03:56.348045,2023-04-10 02:00:00,Mexico,Liga Premier Serie A,Cafetaleros - Tampico Madero,['BC.Game'],['https://www.oddsportal.com/bookmaker/bc-game/link'],3.05,['BC.Game'],['https://www.oddsportal.com/bookmaker/bc-game/link'],3.45,['Suprabets'],['https://www.oddsportal.com/bookmaker/suprabets/link'],2.44,5.0,2.79,3.2,2.34,0.1208304597359456,0.092736184954957,0.0755248303539968,2.8,3.25,2.3,/football/mexico/liga-premier-serie-a/cafetaleros-de-chiapas-tampico-madero-KzU9IAQ7/,"09 Apr 22:00, GMT +2"
,2023-04-09 23:04:00.783076,2023-04-10 00:00:00,Morocco,Botola 2,Ittihad Khemisset - Ittifaq Marrakech,['Suprabets'],['https://www.oddsportal.com/bookmaker/suprabets/link'],2.79,['Betway'],['https://www.oddsportal.com/bookmaker/betway/link'],2.63,['Suprabets'],['https://www.oddsportal.com/bookmaker/suprabets/link'],3.0,4.0,2.73,2.57,2.93,0.0504975246918104,0.0553962995154008,0.0736121593216773,2.7,2.54,2.865,/football/morocco/botola-2/ittihad-khemisset-ittifaq-marrakech-bBG4gXlm/,"09 Apr 22:00, GMT +2"
,2023-04-09 23:04:04.116075,2023-04-10 00:00:00,Morocco,Botola 2,RAC Casablanca - Dcheira,['Suprabets'],['https://www.oddsportal.com/bookmaker/suprabets/link'],2.48,['Betway'],['https://www.oddsportal.com/bookmaker/betway/link'],2.8,['Suprabets'],['https://www.oddsportal.com/bookmaker/suprabets/link'],3.27,4.0,2.43,2.72,3.17,0.0438748219369605,0.0449305018890284,0.1016120071645079,2.385,2.7,3.075,/football/morocco/botola-2/rac-casablanca-dcheira-6yG8hi4g/,"09 Apr 22:00, GMT +2"
,2023-04-09 23:04:07.566849,2023-04-10 00:00:00,Morocco,Botola Pro,Hassania Agadir - FAR Rabat,['GGBET'],['https://www.oddsportal.com/bookmaker/ggbet/link'],4.9,"['bet365', 'Marsbet']","['https://www.oddsportal.com/bookmaker/bet365/link', 'https://www.oddsportal.com/bookmaker/marsbet/link']",3.5,['Suprabets'],['https://www.oddsportal.com/bookmaker/suprabets/link'],1.77,7.0,4.67,3.26,1.73,0.2194613070819601,0.1147312743157786,0.0313635691430002,4.5,3.3,1.75,/football/morocco/botola-pro/hassania-agadir-far-rabat-6cDOiRBe/,"09 Apr 22:00, GMT +2"
,2023-04-09 23:04:10.864342,2023-04-10 00:00:00,Morocco,Botola Pro,Moghreb Tetouan - Chabab Mohammedia,['Marsbet'],['https://www.oddsportal.com/bookmaker/marsbet/link'],2.43,['bet365'],['https://www.oddsportal.com/bookmaker/bet365/link'],2.88,['GGBET'],['https://www.oddsportal.com/bookmaker/ggbet/link'],3.35,7.0,2.33,2.8,3.25,0.0995295054191449,0.0427140468220744,0.1013782571383438,2.38,2.8,3.25,/football/morocco/botola-pro/moghreb-tetouan-chabab-mohammedia-plCSjoR1/,"09 Apr 22:00, GMT +2"
,2023-04-09 23:04:14.386587,2023-04-10 01:30:00,Paraguay,Primera Division,Cerro Porteno - Tacuary,"['bet365', 'Betway', 'Marsbet']","['https://www.oddsportal.com/bookmaker/bet365/link', 'https://www.oddsportal.com/bookmaker/betway/link', 'https://www.oddsportal.com/bookmaker/marsbet/link']",1.29,['Marsbet'],['https://www.oddsportal.com/bookmaker/marsbet/link'],5.4,['Marsbet'],['https://www.oddsportal.com/bookmaker/marsbet/link'],9.6,7.0,1.27,5.22,9.45,0.0112485826771597,0.1484614977916181,0.3926622893395642,1.28,5.0,9.0,/football/paraguay/primera-division/cerro-porteno-tacuary-KIp6m9bh/,"09 Apr 22:00, GMT +2"
,2023-04-09 23:04:17.595273,2023-04-10 01:00:00,Peru,Liga 1,U. de Deportes - Grau,"['bet365', 'Betway', 'GGBET', 'Suprabets']","['https://www.oddsportal.com/bookmaker/bet365/link', 'https://www.oddsportal.com/bookmaker/betway/link', 'https://www.oddsportal.com/bookmaker/ggbet/link', 'https://www.oddsportal.com/bookmaker/suprabets/link']",1.55,['bet365'],['https://www.oddsportal.com/bookmaker/bet365/link'],4.0,['bet365'],['https://www.oddsportal.com/bookmaker/bet365/link'],6.0,6.0,1.54,3.93,5.53,0.0167497927018681,0.0774596669241484,0.2656229575084871,1.55,3.895,5.45,/football/peru/liga-1/universitario-de-deportes-atletico-grau-UB4nyxzI/,"09 Apr 22:00, GMT +2"
,2023-04-09 23:04:20.868128,2023-04-10 00:00:00,USA,MLS Next Pro,Orlando City B - Inter Miami II,['Suprabets'],['https://www.oddsportal.com/bookmaker/suprabets/link'],2.34,['GGBET'],['https://www.oddsportal.com/bookmaker/ggbet/link'],3.85,['Suprabets'],['https://www.oddsportal.com/bookmaker/suprabets/link'],2.59,4.0,2.3,3.7,2.54,0.0192028643696714,0.0892678553567856,0.0377491721763536,2.3,3.75,2.525,/football/usa/mls-next-pro/orlando-city-inter-miami-bg3sfnX2/,"09 Apr 22:00, GMT +2"
,2023-04-09 23:04:25.312342,2023-04-10 01:00:00,USA,MLS Next Pro,Chicago Fire II - Columbus Crew 2,"['BC.Game', 'GGBET']","['https://www.oddsportal.com/bookmaker/bc-game/link', 'https://www.oddsportal.com/bookmaker/ggbet/link']",3.2,['GGBET'],['https://www.oddsportal.com/bookmaker/ggbet/link'],3.85,['Suprabets'],['https://www.oddsportal.com/bookmaker/suprabets/link'],2.06,4.0,3.14,3.71,1.97,0.0718940192227421,0.0983298021964857,0.0540832691319598,3.1500000000000004,3.71,1.985,/football/usa/mls-next-pro/chicago-fire-columbus-crew-K8ijhQ1F/,"09 Apr 22:00, GMT +2"
,2023-04-09 23:04:28.645200,2023-04-10 02:00:00,USA,MLS Next Pro,San Jose Earthquakes II - Real Monarchs,['Suprabets'],['https://www.oddsportal.com/bookmaker/suprabets/link'],1.41,['Betway'],['https://www.oddsportal.com/bookmaker/betway/link'],5.0,"['GGBET', 'Suprabets']","['https://www.oddsportal.com/bookmaker/ggbet/link', 'https://www.oddsportal.com/bookmaker/suprabets/link']",6.2,4.0,1.39,4.79,6.02,0.0158113883008418,0.1118033988749894,0.1849831073368593,1.39,4.85,6.1,/football/usa/mls-next-pro/san-jose-earthquakes-real-monarchs-UssQoOvq/,"09 Apr 22:00, GMT +2"
,2023-04-09 23:04:31.836850,2023-04-10 02:00:00,USA,MLS Next Pro,LA Galaxy 2 - Minnesota 2,['Suprabets'],['https://www.oddsportal.com/bookmaker/suprabets/link'],3.07,['BC.Game'],['https://www.oddsportal.com/bookmaker/bc-game/link'],3.85,['Suprabets'],['https://www.oddsportal.com/bookmaker/suprabets/link'],2.03,3.0,3.0,3.77,2.0,0.0697614984548544,0.0432049379893857,0.0205480466765631,3.0,3.83,2.0,/football/usa/mls-next-pro/la-galaxy-minnesota-united-d4DMprfk/,"09 Apr 22:00, GMT +2"
,2023-04-09 23:04:35.165570,2023-04-10 02:30:00,USA,MLS Next Pro,North Texas - Vancouver Whitecaps 2,['Suprabets'],['https://www.oddsportal.com/bookmaker/suprabets/link'],1.83,['GGBET'],['https://www.oddsportal.com/bookmaker/ggbet/link'],3.85,['GGBET'],['https://www.oddsportal.com/bookmaker/ggbet/link'],3.8,4.0,1.8,3.75,3.65,0.0204633819296811,0.0587367006223535,0.0752911017318778,1.79,3.785,3.715,/football/usa/mls-next-pro/north-texas-vancouver-whitecaps-YBXc3pvr/,"09 Apr 22:00, GMT +2"
,2023-04-09 23:04:38.408906,2023-04-10 04:00:00,USA,MLS Next Pro,Colorado Rapids 2 - Portland Timbers 2,['Suprabets'],['https://www.oddsportal.com/bookmaker/suprabets/link'],1.89,['GGBET'],['https://www.oddsportal.com/bookmaker/ggbet/link'],3.8,['Suprabets'],['https://www.oddsportal.com/bookmaker/suprabets/link'],3.68,4.0,1.85,3.62,3.59,0.0268095132369089,0.0819679815537749,0.0683282518435822,1.84,3.625,3.625,/football/usa/mls-next-pro/colorado-rapids-portland-timbers-zeCQq29e/,"09 Apr 22:00, GMT +2"
,2023-04-09 23:04:41.673723,2023-04-10 01:30:00,Uruguay,Segunda Division,Miramar - Rentistas,['Suprabets'],['https://www.oddsportal.com/bookmaker/suprabets/link'],2.28,['Suprabets'],['https://www.oddsportal.com/bookmaker/suprabets/link'],3.32,"['BC.Game', 'Betway']","['https://www.oddsportal.com/bookmaker/bc-game/link', 'https://www.oddsportal.com/bookmaker/betway/link']",3.0,4.0,2.24,3.17,2.96,0.0303108891324552,0.090381137412626,0.0424264068711928,2.2350000000000003,3.125,2.97,/football/uruguay/segunda-division/miramar-rentistas-0CCNZvbb/,"09 Apr 22:00, GMT +2"
,2023-04-09 23:04:45.088123,2023-04-10 02:00:00,Venezuela,Liga FUTVE,Monagas - Portuguesa,['Suprabets'],['https://www.oddsportal.com/bookmaker/suprabets/link'],1.62,['Suprabets'],['https://www.oddsportal.com/bookmaker/suprabets/link'],3.9,['Suprabets'],['https://www.oddsportal.com/bookmaker/suprabets/link'],6.8,6.0,1.54,3.58,5.96,0.0307769755210323,0.15723301886761,0.4362880037569475,1.55,3.625,5.9,/football/venezuela/liga-futve/monagas-portuguesa-ANL2S3EO/,"09 Apr 22:00, GMT +2"
,2023-04-10 00:01:19.605279,2023-04-09 23:30:00,Argentina,Torneo Federal,Ferro Gen. Pico - Biblioteca Atenas,['GGBET'],['https://www.oddsportal.com/bookmaker/ggbet/link'],2.0,['Suprabets'],['https://www.oddsportal.com/bookmaker/suprabets/link'],3.11,['Marsbet'],['https://www.oddsportal.com/bookmaker/marsbet/link'],4.3,5,1.94,3.07,4.06,0.028705400188814675,0.05979966555090416,0.20591260281974005,1.93,3.1,3.95,/football/argentina/torneo-federal/ferro-gen-pico-biblioteca-atenas-McPGP98g/,"09 Apr 23:00, GMT +2"
,2023-04-10 00:01:23.008665,2023-04-09 23:30:00,Bolivia,Division Profesional,Guabira - Oriente Petrolero,['bet365'],['https://www.oddsportal.com/bookmaker/bet365/link'],2.7,['Suprabets'],['https://www.oddsportal.com/bookmaker/suprabets/link'],3.45,['Suprabets'],['https://www.oddsportal.com/bookmaker/suprabets/link'],2.91,6,2.5,3.18,2.7,0.09044642367476755,0.13969212178533513,0.10857664983268224,2.545,3.175,2.7,/football/bolivia/division-profesional/guabira-oriente-petrolero-xlWxWLQE/,"09 Apr 23:00, GMT +2"
,2023-04-10 00:01:26.426479,2023-04-09 23:10:00,Colombia,Primera B,Cartagena - Cucuta,['Suprabets'],['https://www.oddsportal.com/bookmaker/suprabets/link'],2.54,['Marsbet'],['https://www.oddsportal.com/bookmaker/marsbet/link'],3.1,['Suprabets'],['https://www.oddsportal.com/bookmaker/suprabets/link'],2.87,6,2.49,2.99,2.79,0.059721576223896386,0.06236095644623238,0.061010017392410416,2.475,2.955,2.825,/football/colombia/primera-b/cartagena-cucuta-CWogV6YN/,"09 Apr 23:00, GMT +2"
,2023-04-10 00:01:29.814667,2023-04-09 23:30:00,El Salvador,Primera Division,Chalatenango - Dragon,['Suprabets'],['https://www.oddsportal.com/bookmaker/suprabets/link'],2.67,"['Betway', 'Marsbet']","['https://www.oddsportal.com/bookmaker/betway/link', 'https://www.oddsportal.com/bookmaker/marsbet/link']",3.0,['Suprabets'],['https://www.oddsportal.com/bookmaker/suprabets/link'],2.8,6,2.63,2.9,2.71,0.06422616289332565,0.05785518319236595,0.07312470322826761,2.5999999999999996,2.9,2.7,/football/el-salvador/primera-division/chalatenango-dragon-K6CIqpkE/,"09 Apr 23:00, GMT +2"
,2023-04-10 00:01:33.214338,2023-04-09 23:30:00,Honduras,Liga Nacional,Real Sociedad - Victoria,['Marsbet'],['https://www.oddsportal.com/bookmaker/marsbet/link'],2.2,['Marsbet'],['https://www.oddsportal.com/bookmaker/marsbet/link'],3.45,"['GGBET', 'Marsbet', 'Suprabets']","['https://www.oddsportal.com/bookmaker/ggbet/link', 'https://www.oddsportal.com/bookmaker/marsbet/link', 'https://www.oddsportal.com/bookmaker/suprabets/link']",3.15,5,2.16,3.31,3.04,0.03187475490101849,0.09221713506718801,0.10295630140986999,2.15,3.33,3.15,/football/honduras/liga-nacional/real-sociedad-victoria-0GWiDDAR/,"09 Apr 23:00, GMT +2"
,2023-04-10 00:01:36.625196,2023-04-10 00:00:00,Argentina,Liga Profesional,Huracan - River Plate,['Suprabets'],['https://www.oddsportal.com/bookmaker/suprabets/link'],4.7,['Suprabets'],['https://www.oddsportal.com/bookmaker/suprabets/link'],3.47,['GGBET'],['https://www.oddsportal.com/bookmaker/ggbet/link'],1.94,7,4.34,3.32,1.89,0.1722006423463334,0.1127214373975935,0.03653346243584114,4.32,3.3,1.91,/football/argentina/liga-profesional/huracan-river-plate-MmhsghD9/,"09 Apr 23:00, GMT +2"
,2023-04-10 00:01:40.045441,2023-04-10 02:30:00,Argentina,Liga Profesional,Boca Juniors - Colon Santa Fe,['Suprabets'],['https://www.oddsportal.com/bookmaker/suprabets/link'],1.84,['Suprabets'],['https://www.oddsportal.com/bookmaker/suprabets/link'],3.74,"['bet365', 'Suprabets']","['https://www.oddsportal.com/bookmaker/bet365/link', 'https://www.oddsportal.com/bookmaker/suprabets/link']",4.75,7,1.79,3.59,4.46,0.03313546715640918,0.11733433827646332,0.23186906931741114,1.8,3.6,4.5,/football/argentina/liga-profesional/boca-juniors-colon-santa-fe-CCRsYjyp/,"09 Apr 23:00, GMT +2"
,2023-04-10 00:01:43.432424,2023-04-10 01:00:00,Argentina,Primera C,Laferrere - Victoriano A.,['Betway'],['https://www.oddsportal.com/bookmaker/betway/link'],1.5,['GGBET'],['https://www.oddsportal.com/bookmaker/ggbet/link'],3.85,['GGBET'],['https://www.oddsportal.com/bookmaker/ggbet/link'],6.9,4,1.48,3.78,6.4,0.007071067811865481,0.05931905258852328,0.4761499238685229,1.49,3.82,6.35,/football/argentina/primera-c/laferrere-victoriano-arenas-2B1ZfbME/,"09 Apr 23:00, GMT +2"
,2023-04-10 00:01:46.783918,2023-04-10 01:00:00,Argentina,Primera Nacional,Atl. Rafaela - CA Estudiantes,['Suprabets'],['https://www.oddsportal.com/bookmaker/suprabets/link'],1.82,['Suprabets'],['https://www.oddsportal.com/bookmaker/suprabets/link'],3.5,['Suprabets'],['https://www.oddsportal.com/bookmaker/suprabets/link'],5.4,6,1.76,3.25,4.91,0.03771236166328257,0.09753916592266351,0.3051638903933427,1.775,3.275,4.949999999999999,/football/argentina/primera-nacional/atl-rafaela-ca-estudiantes-KYSiXtkr/,"09 Apr 23:00, GMT +2"
,2023-04-10 00:01:50.262890,2023-04-10 00:00:00,Argentina,Torneo Federal,9 de Julio Rafaela - Gimnasia y Tiro,['Betway'],['https://www.oddsportal.com/bookmaker/betway/link'],4.5,['GGBET'],['https://www.oddsportal.com/bookmaker/ggbet/link'],3.4,"['Betway', 'GGBET']","['https://www.oddsportal.com/bookmaker/betway/link', 'https://www.oddsportal.com/bookmaker/ggbet/link']",1.8,3,3.95,3.23,1.91,0.26246692913372716,0.12247448713915884,0.009428090415820642,4.4,3.25,1.8,/football/argentina/torneo-federal/9-de-julio-rafaela-gimnasia-y-tiro-CjWD06Tm/,"09 Apr 23:00, GMT +2"
,2023-04-10 00:01:53.859117,2023-04-10 08:00:00,Australia,A-League,Melbourne City - Wellington Phoenix,['Suprabets'],['https://www.oddsportal.com/bookmaker/suprabets/link'],1.52,['Suprabets'],['https://www.oddsportal.com/bookmaker/suprabets/link'],5.1,['bet365'],['https://www.oddsportal.com/bookmaker/bet365/link'],6.5,7,1.48,4.79,5.8,0.02381904571504726,0.24271424367274497,0.3085383580162229,1.49,4.8,5.75,/football/australia/a-league/melbourne-city-wellington-phoenix-vDh4o48b/,"09 Apr 23:00, GMT +2"
,2023-04-10 00:01:57.376205,2023-04-10 07:00:00,Australia,NPL Northern NSW,Newcastle Olympic - Adamstown Rosebud,['bwin'],['https://www.oddsportal.com/bookmaker/bwin/link'],1.23,['Suprabets'],['https://www.oddsportal.com/bookmaker/suprabets/link'],7.6,"['Betway', 'bwin']","['https://www.oddsportal.com/bookmaker/betway/link', 'https://www.oddsportal.com/bookmaker/bwin/link']",10.0,5,1.21,6.66,9.2,0.01200000000000001,0.6337191807101942,0.4732863826479692,1.22,6.4,9.6,/football/australia/npl-northern-nsw/newcastle-olympic-adamstown-rosebud-d2EMJ6Cf/,"09 Apr 23:00, GMT +2"
,2023-04-10 00:02:00.850294,2023-04-10 07:30:00,Australia,NPL Northern NSW,Maitland - Broadmeadow,['Suprabets'],['https://www.oddsportal.com/bookmaker/suprabets/link'],2.65,['Suprabets'],['https://www.oddsportal.com/bookmaker/suprabets/link'],3.66,['bwin'],['https://www.oddsportal.com/bookmaker/bwin/link'],2.5,5,2.56,3.54,2.38,0.08944271909999162,0.06997142273814362,0.061514225996918755,2.6,3.6,2.4,/football/australia/npl-northern-nsw/maitland-broadmeadow-magic-fc-A5IQIQR0/,"09 Apr 23:00, GMT +2"
,2023-04-10 00:02:04.297138,2023-04-10 08:00:00,Australia,NPL Victoria,Melbourne Knights - North Geelong,['Marsbet'],['https://www.oddsportal.com/bookmaker/marsbet/link'],1.23,['Marsbet'],['https://www.oddsportal.com/bookmaker/marsbet/link'],6.6,['Marsbet'],['https://www.oddsportal.com/bookmaker/marsbet/link'],11.0,6,1.21,6.0,10.28,0.008975274678557516,0.29814239699997186,0.4413520892288453,1.22,6.050000000000001,10.0,/football/australia/npl-victoria/melbourne-knights-north-geelong-warriors-2eL9racJ/,"09 Apr 23:00, GMT +2"
,2023-04-10 00:02:07.861454,2023-04-10 09:00:00,Australia,NPL Victoria,Oakleigh Cannons - Bentleigh Greens,['GGBET'],['https://www.oddsportal.com/bookmaker/ggbet/link'],1.3,['Marsbet'],['https://www.oddsportal.com/bookmaker/marsbet/link'],5.8,['Marsbet'],['https://www.oddsportal.com/bookmaker/marsbet/link'],9.0,6,1.28,5.47,8.24,0.012583057392117928,0.20497289793748058,0.3805150018943624,1.29,5.45,8.125,/football/australia/npl-victoria/oakleigh-cannons-bentleigh-greens-ttijii1J/,"09 Apr 23:00, GMT +2"
,2023-04-10 00:02:11.745104,2023-04-10 01:30:00,Bolivia,Division Profesional,Independiente Petrolero - Always Ready,"['bet365', 'Suprabets']","['https://www.oddsportal.com/bookmaker/bet365/link', 'https://www.oddsportal.com/bookmaker/suprabets/link']",2.88,['Suprabets'],['https://www.oddsportal.com/bookmaker/suprabets/link'],3.75,['Suprabets'],['https://www.oddsportal.com/bookmaker/suprabets/link'],2.46,6,2.77,3.5,2.3,0.07586537784494017,0.13462912017836265,0.08465616732800191,2.75,3.5,2.315,/football/bolivia/division-profesional/independiente-petrolero-always-ready-zPovBKlk/,"09 Apr 23:00, GMT +2"
,2023-04-10 00:02:14.944967,2023-04-10 00:30:00,Chile,Chilean Cup,Santiago City - Colo Colo,['Suprabets'],['https://www.oddsportal.com/bookmaker/suprabets/link'],34.0,['Suprabets'],['https://www.oddsportal.com/bookmaker/suprabets/link'],17.0,['Suprabets'],['https://www.oddsportal.com/bookmaker/suprabets/link'],1.07,3,23.54,13.15,1.04,6.236095644623235,2.0548046676563256,0.012472191289246483,24.0,15.0,1.05,/football/chile/chilean-cup/santiago-city-colo-colo-vDvNJ0U3/,"09 Apr 23:00, GMT +2"
,2023-04-10 00:02:18.601357,2023-04-10 01:20:00,Colombia,Primera A,Petrolera - Santa Fe,['GGBET'],['https://www.oddsportal.com/bookmaker/ggbet/link'],3.05,['Suprabets'],['https://www.oddsportal.com/bookmaker/suprabets/link'],3.23,['Suprabets'],['https://www.oddsportal.com/bookmaker/suprabets/link'],3.34,7,2.35,3.09,3.1,0.2586069431017043,0.09372125409632413,0.30269537458626344,2.35,3.1,3.1,/football/colombia/primera-a/petrolera-santa-fe-CYW1IfPM/,"09 Apr 23:00, GMT +2"
,2023-04-10 00:02:22.076668,2023-04-10 03:30:00,Colombia,Primera B,Cortulua - Fortaleza,['Marsbet'],['https://www.oddsportal.com/bookmaker/marsbet/link'],1.92,['GGBET'],['https://www.oddsportal.com/bookmaker/ggbet/link'],3.4,['Suprabets'],['https://www.oddsportal.com/bookmaker/suprabets/link'],4.33,6,1.84,3.31,4.11,0.04068851871911231,0.07966945601811402,0.24198255217175377,1.83,3.275,3.925,/football/colombia/primera-b/cortulua-fortaleza-c-e-i-f-rFxPPpdo/,"09 Apr 23:00, GMT +2"
,2023-04-10 00:02:25.894012,2023-04-10 00:00:00,Costa Rica,Primera Division,Saprissa - San Carlos,['Marsbet'],['https://www.oddsportal.com/bookmaker/marsbet/link'],1.36,"['Marsbet', 'Suprabets']","['https://www.oddsportal.com/bookmaker/marsbet/link', 'https://www.oddsportal.com/bookmaker/suprabets/link']",5.0,['Suprabets'],['https://www.oddsportal.com/bookmaker/suprabets/link'],8.5,7,1.32,4.82,8.02,0.01277753129999881,0.16690459207925604,0.46202747510846365,1.33,4.75,8.0,/football/costa-rica/primera-division/saprissa-san-carlos-0YJCDVgh/,"09 Apr 23:00, GMT +2"
,2023-04-10 00:02:29.443482,2023-04-10 01:00:00,Ecuador,Liga Pro,Aucas - Emelec,['Marsbet'],['https://www.oddsportal.com/bookmaker/marsbet/link'],1.97,['Suprabets'],['https://www.oddsportal.com/bookmaker/suprabets/link'],3.76,['Suprabets'],['https://www.oddsportal.com/bookmaker/suprabets/link'],4.1,7,1.91,3.45,3.77,0.04750939756661679,0.15763559113295675,0.14498416521560298,1.91,3.5,3.75,/football/ecuador/liga-pro/aucas-emelec-p42PBoBi/,"09 Apr 23:00, GMT +2"
