Match,League,bookie_home,highest_odd_home,bookie_draw,highest_odd_draw,bookie_away,highest_odd_away,TotalBookies,average_odd_home,average_odd_draw,average_odd_away,Gametime,Time_scraped,url,std_home,std_draw,std_away,median_home,median_draw,median_away,medium
,Israel:Liga Alef North 2022/2023,Betfair Exchange,2.65,Betfair Exchange,3.38,Betfair Exchange,2.56,10,2.53,3.25,2.46,2023-01-13 12:30:00,2023-01-13 12:25:37.909067,https://www.betexplorer.com/soccer/israel/liga-alef-north/hapoel-bueine-ms-tira/Ekmyt7v9/,0.0686699028363631,0.0789444248963928,0.0561347584933889,2.555,3.275,2.45,
,Israel:Liga Alef North 2022/2023,Pinnacle,2.25,Betfair Exchange,3.71,1xBet,2.9,12,2.18,3.43,2.77,2023-01-13 12:30:00,2023-01-13 12:25:44.488306,https://www.betexplorer.com/soccer/israel/liga-alef-north/ironi-nesher-hapoel-kafr-kanna/lCekI3n2/,0.0440729422937049,0.122882057274445,0.0705980942312956,2.185,3.5,2.8,
,World:Club Friendly 2023,1xBet,1.72,1xBet,4.8,1xBet,3.84,1,1.72,4.8,3.84,2023-01-13 12:30:00,2023-01-13 12:25:51.205637,https://www.betexplorer.com/soccer/world/club-friendly/freiburg-hamburger/IZm48q3q/,,,,1.72,4.8,3.84,
,Albania:Superliga 2022/2023,Betsafe,2.85,1xBet,2.98,1xBet,2.94,8,2.65,2.83,2.68,2023-01-13 13:00:00,2023-01-13 12:25:57.246300,https://www.betexplorer.com/soccer/albania/superliga/bylis-kukesi/lnSycDTO/,0.1686024487197197,0.0770899289327545,0.1752549163769328,2.66,2.8,2.64,
,Albania:Superliga 2022/2023,Betfair Exchange,2.9,1xBet,2.97,Betsafe,2.75,8,2.63,2.88,2.65,2023-01-13 13:00:00,2023-01-13 12:26:03.396142,https://www.betexplorer.com/soccer/albania/superliga/laci-kf-tirana/2kGJLd6P/,0.1513746534737097,0.0775403120963542,0.0854295867115971,2.6950000000000003,2.885,2.635,
,World:Club Friendly 2023,Pinnacle,1.61,Betfair Exchange,4.42,William Hill,6.0,14,1.52,4.29,4.68,2023-01-13 13:00:00,2023-01-13 12:26:09.712044,https://www.betexplorer.com/soccer/world/club-friendly/aalborg-fredericia/xpvMkdn7/,0.0480872223400453,0.1105699520019534,0.424019316720808,1.52,4.3,4.7,
,World:Club Friendly 2023,Pinnacle,2.45,BetVictor,4.1,BetVictor,3.13,8,2.36,3.78,2.4,2023-01-13 13:00:00,2023-01-13 12:26:15.884994,https://www.betexplorer.com/soccer/world/club-friendly/hamburger-teutonia-ottensen/rNIj2Xz3/,0.1625576820700886,0.2465145927616546,0.2870298087500863,2.35,3.94,2.45,
,World:Club Friendly 2023,ComeOn,3.4,ComeOn,3.95,BetVictor,1.95,3,3.18,3.73,1.88,2023-01-13 13:00:00,2023-01-13 12:26:21.772358,https://www.betexplorer.com/soccer/world/club-friendly/honved-rijeka/nsOqUUdC/,0.1422146265332788,0.1652018966799917,0.0749999999999999,3.215,3.8,1.85,
,World:Club Friendly 2023,Unibet,1.44,Pinnacle,4.9,BetVictor,7.0,13,1.39,4.55,6.1,2023-01-13 13:00:00,2023-01-13 12:26:27.872283,https://www.betexplorer.com/soccer/world/club-friendly/lks-lodz-pruszkow/SIAQbjbh/,0.0216024689946928,0.2007006956409698,0.3809081590633438,1.39,4.5,6.0,
,World:Club Friendly 2023,Betfair Exchange,1.1,Betfair,11.0,1xBet,19.0,6,1.07,9.89,15.5,2023-01-13 13:00:00,2023-01-13 12:26:33.828996,https://www.betexplorer.com/soccer/world/club-friendly/magdeburg-mtk-budapest/fiBunZsH/,0.0186189867250252,0.7291547618075788,2.198196230245759,1.08,9.765,15.34,
,World:Club Friendly 2023,1xBet,2.74,1xBet,3.5,1xBet,2.27,1,2.74,3.5,2.27,2023-01-13 13:00:00,2023-01-13 12:27:48.713412,https://www.betexplorer.com/soccer/world/club-friendly/sigma-olomouc-rapid-bucuresti/OULT1fAb/,,,,2.74,3.5,2.27,
,World:Club Friendly 2023,1xBet,1.89,188BET,4.1,BetVictor,3.25,4,1.86,4.1,3.12,2023-01-13 13:00:00,2023-01-13 12:27:54.919440,https://www.betexplorer.com/soccer/world/club-friendly/teplice-kecskemeti-te/Uk7PVuuJ/,0.0251661147842357,0.0,0.1114674840480397,1.85,4.1,3.12,
,World:Club Friendly 2023,Betsafe,2.0,Betsafe,4.0,1xBet,3.24,9,1.93,3.94,3.06,2023-01-13 13:00:00,2023-01-13 12:28:01.199428,https://www.betexplorer.com/soccer/world/club-friendly/universitatea-cluj-schaffhausen/UVtQNMSD/,0.0546453210358499,0.1213580560893169,0.117898261225516,1.91,3.95,3.1,
,World:Club Friendly 2023,1xBet,1.36,1xBet,4.8,1xBet,6.75,1,1.36,4.8,6.75,2023-01-13 13:00:00,2023-01-13 12:28:07.262517,https://www.betexplorer.com/soccer/world/club-friendly/ujpest-spartak-subotica/jR28XHwk/,,,,1.36,4.8,6.75,
,World:Club Friendly 2023,188BET,1.57,Betfair,4.1,1xBet,5.1,6,1.56,4.0,4.63,2023-01-13 13:00:00,2023-01-13 12:28:13.251531,https://www.betexplorer.com/soccer/world/club-friendly/zalaegerszegi-gyirmot-fc-gyor/fiJAZJRP/,0.0160208197875972,0.0707106781186546,0.2822528417335539,1.57,4.0,4.6,
Ituano U20 - Sharjah Brasil U20,Brazil:Copa Sao Paulo de juniores 2023,Betsafe,1.55,Betfair Exchange,4.14,Betfair Exchange,6.51,13,1.49,3.87,5.72,2023-01-13 14:00:00,2023-01-13 13:51:40.240763,https://www.betexplorer.com/soccer/brazil/copa-sao-paulo-de-juniores/ituano-sharjah-brasil/n127G4dn/,0.0396781926800979,0.161634281715362,0.5530312737482299,1.48,3.9,6.0,
Sunderland U21 - Norwich U21,England:Premier League 2 2022/2023,Interwetten,3.75,Betfair Exchange,4.8,Betsafe,2.1,12,3.22,4.14,1.82,2023-01-13 14:00:00,2023-01-13 13:51:49.305610,https://www.betexplorer.com/soccer/england/premier-league-2/sunderland-norwich/I56KNfHp/,0.2945064785943867,0.3440419090239373,0.1273914103406168,3.12,4.02,1.85,
Crystal Palace U21 - Sheffield Utd U21,England:Premier League Cup 2022/2023,Unibet,2.8,Betfair Exchange,4.33,1xBet,3.6,11,1.81,3.86,3.37,2023-01-13 14:00:00,2023-01-13 13:51:57.740104,https://www.betexplorer.com/soccer/england/premier-league-cup/crystal-palace-sheffield-utd/Wt61SMdi/,0.2668260741497236,0.2064615548386033,0.4104567276519235,1.8,3.95,3.3,
Hapoel Afula - Hapoel Kfar Saba,Israel:Leumit League 2022/2023,Unibet,2.35,Betfair Exchange,3.19,Betfair Exchange,3.14,15,2.27,3.03,2.96,2023-01-13 14:00:00,2023-01-13 13:53:16.339635,https://www.betexplorer.com/soccer/israel/leumit-league/hapoel-afula-hapoel-kfar-saba/ruGecvSD/,0.0461054691518726,0.0764572709800336,0.0709594116043678,2.29,3.0,2.95,
Hapoel Petah Tikva - Bnei Yehuda,Israel:Leumit League 2022/2023,Interwetten,2.05,1xBet,3.22,Betfair Exchange,4.14,15,1.97,3.11,3.61,2023-01-13 14:00:00,2023-01-13 13:53:23.957373,https://www.betexplorer.com/soccer/israel/leumit-league/hapoel-petah-tikva-yehuda/S4ct5SPi/,0.0416561891588524,0.0707981705440257,0.214091658163596,1.95,3.1,3.6,
Hapoel Umm al-Fahm - Maccabi Jaffa,Israel:Leumit League 2022/2023,188BET,1.82,1xBet,3.42,Pinnacle,5.29,14,1.76,3.26,4.35,2023-01-13 14:00:00,2023-01-13 13:53:32.079918,https://www.betexplorer.com/soccer/israel/leumit-league/hapoel-umm-al-fahm-maccabi-jaffa/WvsKuXp5/,0.0449236226069522,0.0892859340656635,0.3450664850733539,1.77,3.285,4.33,
Hap. Ramat Gan - Agudat Sport Ashdod,Israel:Leumit League 2022/2023,Unibet,2.2,Betsafe,3.25,Pinnacle,3.4,14,2.1,3.14,3.19,2023-01-13 14:00:00,2023-01-13 13:53:40.608889,https://www.betexplorer.com/soccer/israel/leumit-league/hapoel-ramat-gan-agudat-sport-ashdod/tAhMaXmC/,0.0430754513092377,0.1027666726667212,0.1039124737353614,2.1,3.15,3.2,
H. Ironi Rishon - Maccabi Petah Tikva,Israel:Leumit League 2022/2023,Pinnacle,3.19,Betway,3.1,Betfair Exchange,2.56,15,2.94,2.91,2.39,2023-01-13 14:00:00,2023-01-13 13:53:48.527133,https://www.betexplorer.com/soccer/israel/leumit-league/h-ironi-rishon-maccabi-petah-tikva/lEbx68Ao/,0.1078800038843865,0.1444035351104015,0.085690472882679,2.95,2.95,2.38,
M. Nazareth - Nof Hagalil,Israel:Leumit League 2022/2023,1xBet,2.06,Pinnacle,3.55,Betsson,3.75,13,1.96,3.36,3.35,2023-01-13 14:00:00,2023-01-13 13:53:56.057115,https://www.betexplorer.com/soccer/israel/leumit-league/m-nazareth-nof-hagalil/r3I59849/,0.0631847109062603,0.1193411399824372,0.1720390534077536,1.95,3.4,3.3,
MS Kafr Qasim - H. Akko,Israel:Leumit League 2022/2023,Betfair,2.63,bet-at-home,3.0,1xBet,2.88,13,2.46,2.95,2.77,2023-01-13 14:00:00,2023-01-13 13:54:04.011153,https://www.betexplorer.com/soccer/israel/leumit-league/ms-kafr-qasim-hapoel-akko/GpKNmtD7/,0.0821193627811963,0.0416641024852022,0.0954342302724358,2.4,2.95,2.8,
Ramat Hasharon - Ironi Tiberias,Israel:Leumit League 2022/2023,1xBet,3.58,bet-at-home,3.0,Pinnacle,2.2,13,3.41,2.94,2.1,2023-01-13 14:00:00,2023-01-13 13:54:11.613596,https://www.betexplorer.com/soccer/israel/leumit-league/ramat-hasharon-ironi-tiberias/ljO6A3KK/,0.0986251645216528,0.0494067367979878,0.0487536980845871,3.4,2.95,2.1,
Ahli Al-Khalil - Al Amari,Palestine:West Bank League 2022/2023,Pinnacle,2.41,1xBet,3.3,Betfair,3.1,10,2.12,3.24,2.99,2023-01-13 14:00:00,2023-01-13 13:54:19.198001,https://www.betexplorer.com/soccer/palestine/west-bank-league/ahli-al-khalil-shabab-al-amari/p0IxdNbK/,0.1139395551256114,0.0900678756395542,0.365263983685468,2.1100000000000003,3.225,3.025,
Islami Kalkelea - Albirah,Palestine:West Bank League 2022/2023,bwin,7.25,1xBet,4.0,Interwetten,1.5,7,6.17,3.84,1.45,2023-01-13 14:00:00,2023-01-13 13:54:27.966067,https://www.betexplorer.com/soccer/palestine/west-bank-league/islami-kalkelea-albirah/SO7sesEQ/,0.6736432572921949,0.0850210058078086,0.0335942171894424,6.0,3.8,1.46,
Mtibwa Sugar - Kinondoni MC,Tanzania:Ligi Kuu Bara 2022/2023,Pinnacle,2.48,1xBet,2.88,Interwetten,3.25,13,2.37,2.69,3.14,2023-01-13 14:00:00,2023-01-13 13:55:46.266262,https://www.betexplorer.com/soccer/tanzania/ligi-kuu-bara/mtibwa-sugar-kinondoni-mc/G2wfmyTe/,0.043978016486262,0.0807383509782143,0.068408115963461,2.3600000000000003,2.7,3.115,
Fortuna Koln - Uerdingen,World:Club Friendly 2023,Unibet,1.35,1xBet,5.25,BetVictor,8.5,12,1.3,5.05,7.63,2023-01-13 14:00:00,2023-01-13 13:57:02.771194,https://www.betexplorer.com/soccer/world/club-friendly/fortuna-koln-uerdingen/jJxpuSfB/,0.0223437334445796,0.1814315965933835,0.6099993790359483,1.3,5.0,7.675,
Sturm Graz - Mura,World:Club Friendly 2023,1xBet,1.4,Betfair Exchange,5.28,BetVictor,7.5,11,1.35,4.86,6.54,2023-01-13 14:00:00,2023-01-13 14:01:51.266345,https://www.betexplorer.com/soccer/world/club-friendly/sturm-graz-mura/2Lh7WVW1/,0.0304809925870353,0.222812599611096,0.6433633216436601,1.35,4.8,6.25,
AEK Athens FC B - Olympiacos Piraeus B,Greece:Super League 2 2022/2023,Betsafe,2.8,Betsafe,2.9,888sport,2.9,13,2.62,2.84,2.7,2023-01-13 14:15:00,2023-01-13 14:03:08.937039,https://www.betexplorer.com/soccer/greece/super-league-2/aek-olympiacos-piraeus/OWKvrkO0/,0.1527743433957416,0.0395811402901264,0.1158693845919373,2.6,2.84,2.7,
Atletico-MG U20 - Nova Iguacu U20,Brazil:Copa Sao Paulo de juniores 2023,Betsafe,1.38,Betfair Exchange,5.28,Betfair Exchange,8.6,14,1.35,4.5,6.74,2023-01-13 14:30:00,2023-01-13 14:03:16.871511,https://www.betexplorer.com/soccer/brazil/copa-sao-paulo-de-juniores/atletico-mg-nova-iguacu/UPiCFOBh/,0.0279717282701226,0.2451115467081679,0.7076939799311346,1.36,4.5,6.75,
Cape Town Spurs - Hungry Lions,South Africa:Motsepe Foundation Championship 2022/2023,Unibet,2.63,Pinnacle,2.95,Betfair Exchange,2.95,15,2.49,2.8,2.8,2023-01-13 14:30:00,2023-01-13 14:03:25.014960,https://www.betexplorer.com/soccer/south-africa/motsepe-foundation-championship/cape-town-spurs-hungry-lions/GjRvzamA/,0.0705556180477163,0.0764572709800335,0.0956531432286667,2.5,2.8,2.8,
JDR Stars - Pretoria Callies,South Africa:Motsepe Foundation Championship 2022/2023,Pinnacle,2.06,Betway,3.0,888sport,4.1,13,1.94,2.87,3.99,2023-01-13 14:30:00,2023-01-13 14:03:32.381785,https://www.betexplorer.com/soccer/south-africa/motsepe-foundation-championship/jdr-stars-pretoria-callies/ADQrZI2G/,0.0490682413348217,0.0797431775073852,0.1140793695814564,1.95,2.88,4.0,
MO Constantine - Eulma,Algeria:Ligue 2 2022/2023,1xBet,1.65,Unibet,3.5,Pinnacle,6.63,15,1.62,3.26,5.31,2023-01-13 15:00:00,2023-01-13 14:03:40.297186,https://www.betexplorer.com/soccer/algeria/ligue-2/mo-constantine-eulma/jwZhhboj/,0.026511453050656,0.1160951990312055,0.5838109609242003,1.63,3.25,5.35,
Santo Andre U20 - Bahia U20,Brazil:Copa Sao Paulo de juniores 2023,Pinnacle,2.63,William Hill,3.4,Unibet,3.0,14,2.43,3.1,2.69,2023-01-13 15:00:00,2023-01-13 14:03:48.656753,https://www.betexplorer.com/soccer/brazil/copa-sao-paulo-de-juniores/santo-andre-bahia/xKIS5jAC/,0.1428219004148006,0.2202552631661294,0.1593050383324245,2.41,3.24,2.7,
Burnley U21 - Swansea U21,England:Premier League Cup 2022/2023,Interwetten,2.6,Pinnacle,4.23,Betfair Exchange,3.47,11,1.86,3.86,3.2,2023-01-13 15:00:00,2023-01-13 14:05:07.948240,https://www.betexplorer.com/soccer/england/premier-league-cup/burnley-swansea/KI8pq6w0/,0.2032226624898181,0.2796593296483075,0.2496591082449633,1.85,3.875,3.3,
East Bengal - Jamshedpur,India:ISL 2022/2023,Unibet,2.85,Pinnacle,3.53,Interwetten,2.5,18,2.69,3.29,2.41,2023-01-13 15:00:00,2023-01-13 14:05:15.449096,https://www.betexplorer.com/soccer/india/isl/east-bengal-jamshedpur/UROkGy0e/,0.0660659207334079,0.120743881697253,0.0518544972870135,2.7,3.3,2.4,
Al Sahel - Al Ahed,Lebanon:Premier League 2022/2023,BetVictor,4.8,William Hill,3.5,Pinnacle,1.79,12,4.52,3.26,1.73,2023-01-13 15:00:00,2023-01-13 14:05:23.261050,https://www.betexplorer.com/soccer/lebanon/premier-league/al-sahel-al-ahed/MBxsQC6s/,0.16171430101112,0.1283785831284198,0.0366391081008291,4.5,3.25,1.73,
Jabal Al Mukaber - Shabab Al-Dhahiriya,Palestine:West Bank League 2022/2023,William Hill,1.5,1xBet,4.4,1xBet,6.3,10,1.44,4.09,5.75,2023-01-13 15:00:00,2023-01-13 14:05:30.903474,https://www.betexplorer.com/soccer/palestine/west-bank-league/jabal-al-mukaber-shabab-al-dhahiriya/4pa9j1Ms/,0.0271620650499511,0.210631326149639,0.262136520835147,1.44,4.05,5.75,
Darmstadt - CFR Cluj,World:Club Friendly 2023,10Bet,2.5,Betsafe,4.0,Interwetten,2.6,8,2.34,3.76,2.46,2023-01-13 15:00:00,2023-01-13 14:08:00.438834,https://www.betexplorer.com/soccer/world/club-friendly/darmstadt-cfr-cluj/WIJ7NtK5/,0.0987170448557641,0.1943769985940146,0.0918341792771977,2.38,3.65,2.475,
Jablonec - Sion,World:Club Friendly 2023,Betsafe,2.75,Unibet,3.8,Betfair Exchange,2.33,9,2.65,3.66,2.22,2023-01-13 15:00:00,2023-01-13 14:08:08.270049,https://www.betexplorer.com/soccer/world/club-friendly/jablonec-sion/I5IFv1Lg/,0.0754886045159446,0.1301667482613788,0.0475038698114039,2.65,3.6,2.25,
Plzen - Heidenheim,World:Club Friendly 2023,Betsafe,2.3,Pinnacle,3.68,Pinnacle,2.92,15,2.23,3.53,2.71,2023-01-13 15:00:00,2023-01-13 14:08:16.757374,https://www.betexplorer.com/soccer/world/club-friendly/plzen-heidenheim/U5NgBHtp/,0.0530251512649107,0.0971575181513676,0.0842614977317635,2.25,3.5,2.7,
Rakow - Qarabag,World:Club Friendly 2023,Betsafe,2.45,188BET,3.6,bet-at-home,2.6,10,2.38,3.47,2.55,2023-01-13 15:00:00,2023-01-13 14:08:24.537676,https://www.betexplorer.com/soccer/world/club-friendly/rakow-czestochowa-qarabag-agdam/Qugg4X9E/,0.054455987232393,0.0741987502957735,0.0571759644351619,2.38,3.4,2.57,
Bochum - Luzern,World:Club Friendly 2023,Betsafe,2.05,1xBet,3.88,Pinnacle,3.27,16,2.0,3.74,3.01,2023-01-13 15:15:00,2023-01-13 14:08:33.233798,https://www.betexplorer.com/soccer/world/club-friendly/bochum-luzern/WdlXq8SE/,0.0459664732894167,0.0735640310659132,0.1223638699398914,2.0,3.75,3.0,
Chindia Targoviste - Chemnitzer,World:Club Friendly 2023,1xBet,1.4,bet-at-home,5.0,Betfair,6.5,2,1.33,4.9,6.45,2023-01-13 15:30:00,2023-01-13 14:09:50.997511,https://www.betexplorer.com/soccer/world/club-friendly/chindia-targoviste-chemnitzer/QcMif5W0/,0.0411298755975101,0.1154700538379252,0.2645751311064589,1.355,4.9,6.300000000000001,
Dortmund - Basel,World:Club Friendly 2023,1xBet,1.47,Betsson,5.5,Betsafe,6.5,9,1.44,4.66,5.29,2023-01-13 15:30:00,2023-01-13 14:09:59.336820,https://www.betexplorer.com/soccer/world/club-friendly/dortmund-basel/lI4QJNld/,0.027001683449202,0.3768891807222045,0.5532137512259204,1.43,4.75,5.25,
Partizani - Vllaznia,Albania:Superliga 2022/2023,Betfair Exchange,1.86,Betsafe,3.4,William Hill,4.75,9,1.75,3.32,4.34,2023-01-13 16:00:00,2023-01-13 14:10:06.774637,https://www.betexplorer.com/soccer/albania/superliga/partizani-vllaznia/4b2oHGEt/,0.0452155332208351,0.0782268780180088,0.2223423286536127,1.75,3.3,4.33,
Bahrain - Kuwait,Asia:Gulf Cup of Nations 2023,Pinnacle,2.09,ComeOn,3.2,Pinnacle,3.98,17,2.02,3.07,3.65,2023-01-13 16:00:00,2023-01-13 14:10:14.191396,https://www.betexplorer.com/soccer/asia/gulf-cup-of-nations/bahrain-kuwait/WEFbJiEk/,0.0417185950922437,0.0832563369783876,0.1807297299674783,2.02,3.1,3.7,
Qatar - United Arab Emirates,Asia:Gulf Cup of Nations 2023,Pinnacle,2.87,188BET,3.2,Pinnacle,2.64,17,2.68,3.05,2.52,2023-01-13 16:00:00,2023-01-13 14:10:21.121973,https://www.betexplorer.com/soccer/asia/gulf-cup-of-nations/qatar-united-arab-emirates/QyF2IBTe/,0.0927044640082602,0.0896890051626108,0.0935453648991635,2.7,3.05,2.55,
Pharco - Ceramica Cleopatra,Egypt:Premier League 2022/2023,Pinnacle,4.28,1xBet,2.94,188BET,2.21,17,3.77,2.82,2.11,2023-01-13 16:00:00,2023-01-13 14:10:28.261460,https://www.betexplorer.com/soccer/egypt/premier-league/pharco-fc-ceramica-cleopatra/IHKjBIAl/,0.2248349067518601,0.0629542317411438,0.0488695743189732,3.75,2.85,2.1,
Atl. San Luis U20 - Guadalajara Chivas U20,Mexico:Liga MX U20 2022/2023,1xBet,2.81,Pinnacle,3.54,Pinnacle,2.38,10,2.73,3.31,2.26,2023-01-13 16:00:00,2023-01-13 14:10:35.564478,https://www.betexplorer.com/soccer/mexico/liga-mx-u20/atletico-san-luis-guadalajara-chivas/fqFIge5c/,0.0779173351129972,0.1351090094865787,0.0525357021462547,2.75,3.275,2.25,
Puebla U20 - Queretaro U20,Mexico:Liga MX U20 2022/2023,Pinnacle,1.68,ComeOn,4.15,William Hill,5.0,13,1.56,3.97,4.65,2023-01-13 16:00:00,2023-01-13 14:10:42.580720,https://www.betexplorer.com/soccer/mexico/liga-mx-u20/puebla-queretaro/x84NhFK3/,0.0550058271971345,0.1394724492599311,0.1992743245133612,1.53,4.0,4.7,
CDC Montalegre - Sanjoanense,Portugal:Liga 3 2022/2023,BetVictor,2.5,188BET,3.25,Pinnacle,2.97,15,2.39,3.11,2.75,2023-01-13 16:00:00,2023-01-13 14:10:50.556431,https://www.betexplorer.com/soccer/portugal/liga-3/cdc-montalegre-sanjoanense/zocjmiwI/,0.0537188447913233,0.0757313547695939,0.0874942174960042,2.4,3.1,2.75,
Al Khaleej - Al Wehda,Saudi Arabia:Saudi Professional League 2022/2023,Pinnacle,2.87,188BET,3.15,Pinnacle,2.69,16,2.73,3.02,2.49,2023-01-13 16:00:00,2023-01-13 14:12:08.935136,https://www.betexplorer.com/soccer/saudi-arabia/saudi-professional-league/al-khaleej-al-wehda/lbthDmrB/,0.0602079728939614,0.0875951863213194,0.0612610534243956,2.715,3.025,2.5,
Kakadl - Entente II,Togo:Championnat National 2022/2023,Pinnacle,2.5,BetVictor,2.7,1xBet,3.18,5,2.46,2.59,3.06,2023-01-13 16:00:00,2023-01-13 14:12:18.076292,https://www.betexplorer.com/soccer/togo/championnat-national/kakadl-entente/GKSudzfd/,0.0219089023002065,0.0763544366752843,0.0736206492772239,2.45,2.59,3.05,
Club Africain - Ben Guerdane,Tunisia:Ligue Professionnelle 1 2022/2023,Betfair Exchange,1.71,1xBet,3.5,Betfair Exchange,5.75,12,1.65,3.3,5.08,2023-01-13 16:00:00,2023-01-13 14:12:27.172274,https://www.betexplorer.com/soccer/tunisia/ligue-professionnelle-1/club-africain-ben-guerdane/YTxXIAf3/,0.0323217723786454,0.0839326930921256,0.3552837107883152,1.645,3.29,5.0,
Sonabel Ouagadougou - USFA,Burkina Faso:Premier League 2022/2023,Pinnacle,2.96,1xBet,2.63,Pinnacle,2.85,4,2.84,2.45,2.76,2023-01-13 16:30:00,2023-01-13 14:16:14.918787,https://www.betexplorer.com/soccer/burkina-faso/premier-league/sonabel-ouagadougou-usfa/ddg2hpE2/,0.0898146239020498,0.1208304597359456,0.0629152869605895,2.825,2.4,2.75,
Botafogo PB U20 - Hercilio Luz U20,Brazil:Copa Sao Paulo de juniores 2023,Unibet,3.0,William Hill,3.5,Pinnacle,2.37,13,2.8,3.28,2.21,2023-01-13 16:45:00,2023-01-13 14:17:36.999000,https://www.betexplorer.com/soccer/brazil/copa-sao-paulo-de-juniores/botafogo-pb-hercilio-luz/6TRY15sg/,0.1204265921736727,0.1504352659145096,0.0761156340286917,2.8,3.36,2.21,
Remo U20 - Nacional SP U20,Brazil:Copa Sao Paulo de juniores 2023,William Hill,2.62,William Hill,3.5,Unibet,2.9,14,2.45,3.31,2.52,2023-01-13 16:45:00,2023-01-13 14:17:45.612137,https://www.betexplorer.com/soccer/brazil/copa-sao-paulo-de-juniores/remo-nacional-sp/plYn706n/,0.0749798507732446,0.0860902924930474,0.1588713627124469,2.45,3.3,2.5,
Vasco U20 - Ibrachina U20,Brazil:Copa Sao Paulo de juniores 2023,William Hill,1.62,Unibet,4.5,Unibet,8.0,13,1.51,3.77,5.64,2023-01-13 16:45:00,2023-01-13 14:17:54.266741,https://www.betexplorer.com/soccer/brazil/copa-sao-paulo-de-juniores/vasco-ibrachina/2eLs0qC5/,0.0669541420888741,0.2183007972849345,0.772665762767046,1.52,3.74,5.5,
Falcons - Armed Forces,Gambia:GFA League 2022/2023,Pinnacle,2.51,1xBet,2.84,1xBet,2.96,9,2.46,2.77,2.86,2023-01-13 17:00:00,2023-01-13 14:19:14.074469,https://www.betexplorer.com/soccer/gambia/gfa-league/falcons-armed-forces/ney2T6nC/,0.0349205447329282,0.0624054840894967,0.0556776436283002,2.45,2.8,2.88,
Steve Biko - Brikama U.,Gambia:GFA League 2022/2023,1xBet,2.5,Betfair Exchange,2.65,1xBet,3.3,9,2.44,2.54,3.19,2023-01-13 17:00:00,2023-01-13 14:19:22.598537,https://www.betexplorer.com/soccer/gambia/gfa-league/steve-biko-brikama-united/zLXcUnX5/,0.0438114647603164,0.0755167383947278,0.0721302833612746,2.45,2.58,3.2,
Al Khaleel - Wadi Al-Nes,Palestine:West Bank League 2022/2023,Interwetten,1.3,Betway,5.5,1xBet,10.5,11,1.26,4.98,8.86,2023-01-13 17:00:00,2023-01-13 14:20:43.390247,https://www.betexplorer.com/soccer/palestine/west-bank-league/shabab-al-khaleel-wadi-al-nes/b7bDkLyl/,0.0264575131106459,0.269123155316061,1.6962311163281965,1.25,4.9,8.75,
Kayserispor - Sivasspor,Turkey:Super Lig 2022/2023,Pinnacle,2.33,1xBet,3.56,Betfair Exchange,3.33,18,2.22,3.33,3.17,2023-01-13 17:00:00,2023-01-13 14:20:52.424652,https://www.betexplorer.com/soccer/turkey/super-lig/kayserispor-sivasspor/t26ugXEi/,0.0437312051132094,0.0813951067245004,0.0796909881653581,2.22,3.3,3.2,
Honved - Rijeka,World:Club Friendly 2023,1xBet,4.16,ComeOn,4.05,Betway,1.8,10,3.8,3.94,1.7,2023-01-13 17:00:00,2023-01-13 14:21:00.845098,https://www.betexplorer.com/soccer/world/club-friendly/honved-rijeka/t4NmTlCI/,0.1774667417981308,0.1139639319161013,0.0478539444560216,3.82,3.975,1.6949999999999998,
Marchfeld - St. Polten,World:Club Friendly 2023,Betsafe,12.0,Betfair,7.5,10Bet,1.2,12,9.94,6.92,1.18,2023-01-13 17:30:00,2023-01-13 14:22:34.999569,https://www.betexplorer.com/soccer/world/club-friendly/fc-marchfeld-donauauen-st-polten/M3UrY3nj/,1.0960296805315357,0.3077336510685822,0.0196946385566932,9.75,7.0,1.17,
Narva - Levadia,World:Club Friendly 2023,Betfair,5.5,1xBet,4.5,1xBet,1.51,10,5.15,4.36,1.48,2023-01-13 17:30:00,2023-01-13 14:22:42.619030,https://www.betexplorer.com/soccer/world/club-friendly/narva-levadia/WW82kQak/,0.3696980750107669,0.1054935490392132,0.0275882422620781,5.175,4.33,1.475,
Chloraka - Ol. Nicosia,Cyprus:First Division 2022/2023,Interwetten,2.15,188BET,3.15,Pinnacle,3.84,15,2.08,3.03,3.48,2023-01-13 18:00:00,2023-01-13 14:22:51.261033,https://www.betexplorer.com/soccer/cyprus/first-division/akritas-chloraka-ol-nicosia/OUcMPL2o/,0.039940431835899,0.0819581774879288,0.188072934180941,2.07,3.0,3.4,
Paralimni - Paphos,Cyprus:First Division 2022/2023,Pinnacle,7.1,Pinnacle,3.96,1xBet,1.54,15,5.89,3.73,1.51,2023-01-13 18:00:00,2023-01-13 14:22:58.577824,https://www.betexplorer.com/soccer/cyprus/first-division/paralimni-paphos/bmjZMJn4/,0.3779014736800106,0.1160336568578682,0.0201659779496722,5.8,3.75,1.51,
El Ismaily - Arab Contractors,Egypt:Premier League 2022/2023,Pinnacle,2.82,Betfair,2.88,Pinnacle,3.05,17,2.69,2.72,2.84,2023-01-13 18:00:00,2023-01-13 14:23:05.745218,https://www.betexplorer.com/soccer/egypt/premier-league/el-ismaily-arab-contractors-al-mokawloon/CvKfAxQf/,0.0632978486763872,0.0639450591385705,0.10717975555113,2.7,2.7,2.88,
Hibernians - Zurrieq,Malta:FA Trophy 2022/2023,Betfair,1.15,1xBet,8.1,1xBet,20.0,9,1.11,7.16,16.06,2023-01-13 18:00:00,2023-01-13 14:23:13.662812,https://www.betexplorer.com/soccer/malta/fa-trophy/hibernians-zurrieq/G6Pi07Dh/,0.0188856206322869,1.3890860304531176,5.1481327790871045,1.1150000000000002,7.0,15.0,
Galatasaray - Hatayspor,Turkey:Super Lig 2022/2023,Interwetten,1.33,1xBet,6.6,1xBet,11.0,18,1.26,6.05,9.56,2023-01-13 18:00:00,2023-01-13 14:23:20.862973,https://www.betexplorer.com/soccer/turkey/super-lig/galatasaray-hatayspor/norHh33B/,0.031248529377161,0.2677356026776724,0.9183839529125714,1.25,6.0,9.5,
Denizlispor - Eyupspor,Turkey:1. Lig 2022/2023,BetVictor,6.0,Pinnacle,4.33,Betsafe,1.57,18,5.46,3.93,1.53,2023-01-13 18:00:00,2023-01-13 14:23:28.478405,https://www.betexplorer.com/soccer/turkey/1-lig/denizlispor-eyupspor/fmZLSa4K/,0.2878571949871712,0.2175059160791075,0.0265684465662028,5.5,3.925,1.53,
Bayern Munich - Salzburg,World:Club Friendly 2023,Betfair Exchange,1.22,10Bet,8.0,Betsafe,13.0,16,1.15,7.6,11.32,2023-01-13 18:00:00,2023-01-13 14:23:36.194935,https://www.betexplorer.com/soccer/world/club-friendly/bayern-munich-salzburg/p29Y6pak/,0.0238561867669337,0.3962832839982915,1.1535122197776977,1.15,7.5,11.0,
Lafnitz - Allerheiligen,World:Club Friendly 2023,10Bet,1.22,Betsafe,7.0,Betfair,10.5,13,1.19,6.65,9.07,2023-01-13 18:00:00,2023-01-13 14:24:54.730814,https://www.betexplorer.com/soccer/world/club-friendly/lafnitz-allerheiligen/nkbkSyKa/,0.0175776664826238,0.3098614247758222,1.5799711941548091,1.2,6.5,8.5,
Weinland Gamlitz - Kalsdorf,World:Club Friendly 2023,Betsafe,3.5,ComeOn,4.8,888sport,1.83,14,3.18,4.47,1.78,2023-01-13 18:00:00,2023-01-13 14:25:02.351262,https://www.betexplorer.com/soccer/world/club-friendly/weinland-gamlitz-sc-kalsdorf/CnSKr5jo/,0.1786580009926264,0.1781174448947215,0.0393630607225931,3.175,4.45,1.765,
Wydad - Hassania Agadir,Morocco:Botola Pro 2022/2023,1xBet,1.53,Betsafe,3.75,Betfair Exchange,7.65,16,1.49,3.63,6.49,2023-01-13 18:15:00,2023-01-13 14:26:20.804257,https://www.betexplorer.com/soccer/morocco/botola-pro/wydad-athletic-hassania-agadir/GUqcD994/,0.0247318957353994,0.0723763313061206,0.4682480645982427,1.5,3.6,6.5,
Paris SG W - Rodez AF W,France:Division 1 Women 2022/2023,Betfair Exchange,1.03,Betfair Exchange,26.65,Betfair Exchange,95.05,8,1.01,15.0,50.0,2023-01-13 18:30:00,2023-01-13 14:26:28.601698,https://www.betexplorer.com/soccer/france/division-1-women/paris-sg-rodez-af/ABwlWCgC/,0.0070710678118654,5.338411020352612,21.886756523320468,1.01,15.0,50.125,
AmaZulu - Kaizer Chiefs,South Africa:Premier League 2022/2023,Pinnacle,3.38,Betfair,3.5,Pinnacle,2.63,17,2.99,2.83,2.47,2023-01-13 18:30:00,2023-01-13 14:26:36.000314,https://www.betexplorer.com/soccer/south-africa/premier-league/amazulu-kaizer-chiefs/IJuV6tc3/,0.1750378110412651,0.1983405419681899,0.0686583613861799,3.0,2.78,2.5,
America MG U20 - CSP U20,Brazil:Copa Sao Paulo de juniores 2023,Unibet,1.27,Betfair Exchange,5.94,Betfair Exchange,13.35,12,1.23,5.03,10.35,2023-01-13 19:00:00,2023-01-13 14:27:53.511659,https://www.betexplorer.com/soccer/brazil/copa-sao-paulo-de-juniores/america-mg-csp/xjeKD2t5/,0.0254447616895088,0.2943114519845105,1.6486529077572425,1.23,5.0,10.0,
EC Sao Bernardo U20 - Santos U20,Brazil:Copa Sao Paulo de juniores 2023,Pinnacle,6.24,1xBet,4.24,William Hill,1.53,12,5.5,4.02,1.46,2023-01-13 19:00:00,2023-01-13 14:28:00.570755,https://www.betexplorer.com/soccer/brazil/copa-sao-paulo-de-juniores/ec-sao-bernardo-santos/AXGz4UvP/,0.4137322310073981,0.1555634918610405,0.0370896350162822,5.75,4.0,1.47,
Piracicaba U20 - Fortaleza U20,Brazil:Copa Sao Paulo de juniores 2023,Betfair,2.7,William Hill,3.6,Pinnacle,2.72,15,2.45,3.2,2.56,2023-01-13 19:00:00,2023-01-13 14:28:07.534244,https://www.betexplorer.com/soccer/brazil/copa-sao-paulo-de-juniores/piracicaba-fortaleza/lInHCMrP/,0.1188836966675133,0.1308927678165095,0.0817720408615724,2.48,3.1900000000000004,2.55,
Rio Claro U20 - Desportivo U20,Brazil:Copa Sao Paulo de juniores 2023,Betfair Exchange,6.13,Betfair Exchange,3.85,Pinnacle,1.63,13,5.13,3.64,1.55,2023-01-13 19:00:00,2023-01-13 14:28:14.822195,https://www.betexplorer.com/soccer/brazil/copa-sao-paulo-de-juniores/rio-claro-desportivo/ALOkbNtI/,0.4081800938446031,0.0990504367026668,0.0372104203767625,5.075,3.6,1.57,
Vila Nova FC U20 - Agua Santa U20,Brazil:Copa Sao Paulo de juniores 2023,Pinnacle,2.68,William Hill,3.5,Unibet,2.9,12,2.49,3.11,2.58,2023-01-13 19:00:00,2023-01-13 14:28:21.772975,https://www.betexplorer.com/soccer/brazil/copa-sao-paulo-de-juniores/vila-nova-fc-agua-santa/rTeGErRb/,0.1080263716399702,0.1680277754817141,0.1300436989490979,2.5,3.12,2.55,
Zwickau - VfB Oldenburg,Germany:3. Liga 2022/2023,Interwetten,2.0,Pinnacle,3.82,bet365,4.0,18,1.92,3.47,3.69,2023-01-13 19:00:00,2023-01-13 14:28:28.594150,https://www.betexplorer.com/soccer/germany/3-liga/zwickau-vfb-oldenburg/tCevSmv7/,0.035558108568473,0.1413485470908912,0.133548845437342,1.92,3.5,3.725,
Moreirense - Mafra,Portugal:Liga Portugal 2 2022/2023,Interwetten,1.95,Pinnacle,3.82,Pinnacle,4.16,18,1.85,3.54,3.78,2023-01-13 19:00:00,2023-01-13 14:28:35.641158,https://www.betexplorer.com/soccer/portugal/liga-portugal-2/moreirense-mafra/8MDj7DEo/,0.0542597239862019,0.1351058650512324,0.1883094727206782,1.865,3.54,3.765,
Leobendorf - Zwettl,World:Club Friendly 2023,BetVictor,2.05,bwin,4.2,Betsafe,3.0,6,2.01,3.91,2.9,2023-01-13 19:00:00,2023-01-13 14:28:42.447536,https://www.betexplorer.com/soccer/world/club-friendly/leobendorf-zwettl/C6npobCq/,0.0598410593234476,0.1490765223762935,0.1435104111039965,2.0,3.98,2.93,
Rellinghausen - Schonnebeck,World:Club Friendly 2023,BetVictor,8.5,1xBet,5.85,1xBet,1.25,3,8.43,5.7,1.25,2023-01-13 19:00:00,2023-01-13 14:28:50.779559,https://www.betexplorer.com/soccer/world/club-friendly/rellinghausen-schonnebeck/YiawJ1aL/,0.1154700538379247,0.1802775637731993,0.0,8.5,5.75,1.25,
Sturm Graz (Am) - SV Wildon,World:Club Friendly 2023,Interwetten,1.22,1xBet,10.0,1xBet,20.0,6,1.09,9.16,14.77,2023-01-13 19:00:00,2023-01-13 14:28:58.307393,https://www.betexplorer.com/soccer/world/club-friendly/sturm-sv-wildon/pzg2t695/,0.0523768396653838,1.4714788479621446,3.4842662227664394,1.1,9.025,12.75,
Duisburg W - Sittard W,World:Club Friendly Women 2023,Unibet,3.38,Unibet,4.1,Interwetten,2.05,10,3.09,3.8,1.92,2023-01-13 19:00:00,2023-01-13 14:30:15.724745,https://www.betexplorer.com/soccer/world/club-friendly-women/duisburg-sittard/dlusQolI/,0.1772620043376983,0.1991618802518557,0.1008058439864384,3.05,3.75,1.95,
Avranches - Versailles,France:National 2022/2023,Unibet,4.3,Betsafe,3.4,Pinnacle,2.0,17,3.8,3.27,1.91,2023-01-13 19:30:00,2023-01-13 14:30:22.882968,https://www.betexplorer.com/soccer/france/national/avranches-versailles/bLmisWwD/,0.165336110428922,0.0978819817583459,0.0536053114137461,3.75,3.3,1.91,
Le Mans - Villefranche,France:National 2022/2023,Interwetten,2.05,1xBet,3.42,Pinnacle,4.12,16,1.97,3.24,3.59,2023-01-13 19:30:00,2023-01-13 14:30:30.008650,https://www.betexplorer.com/soccer/france/national/le-mans-villefranche/6J6QanFH/,0.0439696865275763,0.0910311302064665,0.193888928685128,1.975,3.24,3.575,
Le Puy-en-Velay - Nancy,France:National 2022/2023,Betfair Exchange,3.47,1xBet,3.06,Pinnacle,2.45,17,3.12,2.92,2.31,2023-01-13 19:30:00,2023-01-13 14:30:37.187827,https://www.betexplorer.com/soccer/france/national/le-puy-en-velay-nancy/8WfvpYgf/,0.1315322595187875,0.0820240280434373,0.0528246266098549,3.1,2.9,2.3,
Orleans - Dunkerque,France:National 2022/2023,Pinnacle,2.78,Pinnacle,3.14,Pinnacle,2.74,17,2.66,3.02,2.57,2023-01-13 19:30:00,2023-01-13 14:30:44.096322,https://www.betexplorer.com/soccer/france/national/orleans-dunkerque/d66ftjgJ/,0.057885536139157,0.067464587660752,0.0728061487383974,2.65,3.0,2.56,
Paris 13 Atl. - Cholet,France:National 2022/2023,188BET,2.16,Pinnacle,3.19,Pinnacle,3.86,16,2.12,3.02,3.45,2023-01-13 19:30:00,2023-01-13 14:30:51.387241,https://www.betexplorer.com/soccer/france/national/paris-13-atletico-cholet/Q7kqqh90/,0.0382916439970915,0.0822901371165868,0.1720743540837312,2.105,3.0,3.4,
Red Star - Chateauroux,France:National 2022/2023,Interwetten,2.1,Pinnacle,3.38,Pinnacle,3.72,17,2.01,3.21,3.51,2023-01-13 19:30:00,2023-01-13 14:30:58.324533,https://www.betexplorer.com/soccer/france/national/red-star-chateauroux/4blmrCO6/,0.0442918130796466,0.0909023393214808,0.1301667482613789,2.0,3.2,3.6,
Sedan - Stade Briochin,France:National 2022/2023,Interwetten,2.1,Pinnacle,3.36,Pinnacle,3.75,17,2.02,3.19,3.48,2023-01-13 19:30:00,2023-01-13 14:31:05.332215,https://www.betexplorer.com/soccer/france/national/sedan-stade-briochin/bc54jzHQ/,0.0464393975742453,0.0832342548261867,0.1125245071345898,2.01,3.2,3.5,
Wandsbeker Concordia - Hamm United,Germany:Oberliga Hamburg 2022/2023,Pinnacle,1.36,1xBet,5.7,bwin,8.75,0,,,,2023-01-13 19:30:00,2023-01-13 14:33:31.612226,https://www.betexplorer.com/soccer/germany/oberliga-hamburg/tsv-concordia-hamm-united/vywzJasI/,0.0418330013267038,0.2906314963431641,1.1197990891226872,1.32,5.225,6.47,
Legion - Tallinna Kalev,World:Club Friendly 2023,BetVictor,2.88,1xBet,4.0,188BET,2.12,3,2.78,3.9,2.06,2023-01-13 19:30:00,2023-01-13 14:33:38.559587,https://www.betexplorer.com/soccer/world/club-friendly/legion-tallinna-kalev/ETTZOQj8/,0.0873498712076897,0.159937487788198,0.0414728827066555,2.75,3.7,2.1,
Oberneuland - BSV Rehden,World:Club Friendly 2023,1xBet,4.1,ComeOn,4.75,William Hill,2.0,11,3.48,4.31,1.7,2023-01-13 19:30:00,2023-01-13 14:34:55.306813,https://www.betexplorer.com/soccer/world/club-friendly/oberneuland-bsv-rehden/C0wVSm4a/,0.2927456233660889,0.3173887302041553,0.0988571053224161,3.4,4.2,1.725,
Algeria - Libya,Africa:African Nations Championship 2022,Pinnacle,1.52,bwin,4.0,William Hill,8.5,15,1.47,3.87,7.04,2023-01-13 20:00:00,2023-01-13 14:35:02.410907,https://www.betexplorer.com/soccer/africa/african-nations-championship/algeria-libya/GhAYdgK8/,0.0385086570353559,0.0949034597191623,0.5650129054573296,1.46,3.85,7.0,
Arsenal U21 - Leicester U21,England:Premier League 2 2022/2023,Betfair Exchange,1.48,Pinnacle,4.99,Unibet,6.0,14,1.42,4.67,5.42,2023-01-13 20:00:00,2023-01-13 14:35:09.457605,https://www.betexplorer.com/soccer/england/premier-league-2/arsenal-leicester/AiXAmvsp/,0.033423687066852,0.1424680415291193,0.3134341276583524,1.42,4.71,5.5,
Chelsea U21 - Wolves U21,England:Premier League 2 2022/2023,Pinnacle,1.46,William Hill,5.5,William Hill,6.0,14,1.42,4.86,5.21,2023-01-13 20:00:00,2023-01-13 14:35:16.312375,https://www.betexplorer.com/soccer/england/premier-league-2/chelsea-wolves/hGMFnbdj/,0.0323963548801992,0.2776551475344567,0.4399264007708995,1.42,4.8,5.5,
Southampton U21 - Newcastle Utd U21,England:Premier League 2 2022/2023,Pinnacle,1.47,Betfair Exchange,5.37,Betfair Exchange,5.66,13,1.42,4.76,5.25,2023-01-13 20:00:00,2023-01-13 14:35:23.458645,https://www.betexplorer.com/soccer/england/premier-league-2/southampton-newcastle-utd/W8AOMEWj/,0.0293956215124389,0.2566724941063402,0.2720553299681933,1.42,4.75,5.25,
Brentford U21 - Aston Villa U21,England:Premier League Cup 2022/2023,Pinnacle,1.82,bwin,4.5,Unibet,4.5,10,1.78,3.91,3.49,2023-01-13 20:00:00,2023-01-13 14:35:30.761983,https://www.betexplorer.com/soccer/england/premier-league-cup/brentford-aston-villa/SMvqu0tc/,0.1122058443894591,0.2857353617767619,0.4011375869154668,1.78,3.98,3.525,
QPR U21 - Bournemouth U21,England:Premier League Cup 2022/2023,bwin,5.25,Betway,5.0,1xBet,2.9,0,,,,2023-01-13 20:00:00,2023-01-13 14:35:37.605443,https://www.betexplorer.com/soccer/england/premier-league-cup/qpr-bournemouth/fNuZekMC/,1.2663986159758132,0.3755650288686246,0.5952890817989952,4.2,4.0,1.59,
Martigues - Bastia-Borgo,France:National 2022/2023,Pinnacle,1.41,Betfair Exchange,4.8,Pinnacle,8.37,17,1.37,4.49,7.13,2023-01-13 20:00:00,2023-01-13 14:36:54.225407,https://www.betexplorer.com/soccer/france/national/martigues-bastia-borgo/UudzoEvl/,0.0261921631745967,0.1598229719187487,0.5160925019686249,1.37,4.5,7.0,
Den Haag - Maastricht,Netherlands:Eerste Divisie 2022/2023,Pinnacle,1.77,Unibet,4.25,Unibet,4.7,18,1.68,3.99,4.31,2023-01-13 20:00:00,2023-01-13 14:37:01.675971,https://www.betexplorer.com/soccer/netherlands/eerste-divisie/den-haag-maastricht/x0IXwQ3t/,0.0410164959641419,0.1497896128060125,0.2136035359918821,1.68,4.0,4.33,
Graafschap - Jong Ajax,Netherlands:Eerste Divisie 2022/2023,Betsafe,1.68,Pinnacle,4.49,Pinnacle,4.62,18,1.65,4.14,4.31,2023-01-13 20:00:00,2023-01-13 14:37:08.970790,https://www.betexplorer.com/soccer/netherlands/eerste-divisie/de-graafschap-jong-ajax/ADGux4Yh/,0.0226366583367243,0.1835025956611489,0.1908494941354697,1.66,4.175000000000001,4.33,
Helmond - Breda,Netherlands:Eerste Divisie 2022/2023,Pinnacle,2.67,Pinnacle,3.53,BetVictor,2.7,18,2.6,3.26,2.59,2023-01-13 20:00:00,2023-01-13 14:37:16.101522,https://www.betexplorer.com/soccer/netherlands/eerste-divisie/helmond-sport-breda/UFWtzr35/,0.0564181401319443,0.1488089971979477,0.0628230214662092,2.6,3.275,2.6,
Roda - Oss,Netherlands:Eerste Divisie 2022/2023,bet365,1.44,Pinnacle,4.78,Betfair Exchange,8.03,18,1.41,4.44,7.01,2023-01-13 20:00:00,2023-01-13 14:37:23.224132,https://www.betexplorer.com/soccer/netherlands/eerste-divisie/roda-top-oss/OxWpZ1IB/,0.0266237399591372,0.1550047437604258,0.4927341353149537,1.4049999999999998,4.475,7.0,
Telstar - Jong AZ,Netherlands:Eerste Divisie 2022/2023,Pinnacle,2.31,Unibet,3.55,bet365,3.2,18,2.19,3.35,3.1,2023-01-13 20:00:00,2023-01-13 14:37:30.118071,https://www.betexplorer.com/soccer/netherlands/eerste-divisie/telstar-jong-az-alkmaar/xtzkYLXH/,0.0558154053745396,0.1181792700488585,0.0836660026534075,2.2,3.325,3.1100000000000003,
Paredes - Vitoria Guimaraes B,Portugal:Liga 3 2022/2023,Pinnacle,2.34,Pinnacle,2.96,Betfair,3.6,15,2.22,2.83,3.37,2023-01-13 20:00:00,2023-01-13 14:37:36.951267,https://www.betexplorer.com/soccer/portugal/liga-3/paredes-vitoria-guimaraes/EV8skD85/,0.0666404710438962,0.07346524931655,0.1627384697107894,2.22,2.8,3.4,
Femina Woluwe W - Gent W,Belgium:Super League Women 2022/2023,1xBet,4.46,Betway,4.0,188BET,1.77,12,4.1,3.74,1.67,2023-01-13 20:30:00,2023-01-13 14:37:44.005044,https://www.betexplorer.com/soccer/belgium/super-league-women/femina-woluwe-gent/htzPdof1/,0.2591458921275686,0.1340903418603285,0.0539892134118951,4.15,3.77,1.665,
Genk W - Aalst W,Belgium:Super League Women 2022/2023,10Bet,1.06,bwin,16.5,bwin,36.0,10,1.04,11.85,23.02,2023-01-13 20:30:00,2023-01-13 14:37:50.887644,https://www.betexplorer.com/soccer/belgium/super-league-women/genk-aalst/WWYSe597/,0.0149443411809732,2.138635078735968,7.232722017178442,1.045,11.965,23.5,
Mouloudia Oujda - Difaa El Jadidi,Morocco:Botola Pro 2022/2023,Unibet,2.45,1xBet,3.02,Betfair Exchange,3.33,16,2.32,2.88,3.07,2023-01-13 20:30:00,2023-01-13 14:37:57.912354,https://www.betexplorer.com/soccer/morocco/botola-pro/mouloudia-oujda-difaa-el-jadidi/bgZ1CTOA/,0.0564763962495248,0.078049129826454,0.1131941547371889,2.33,2.88,3.095,
Afan Lido - Cambrian &amp; Clydach,Wales:Cymru South 2022/2023,bet-at-home,2.85,Betsafe,4.0,1xBet,2.4,9,2.43,3.75,2.33,2023-01-13 20:30:00,2023-01-13 14:38:04.662177,https://www.betexplorer.com/soccer/wales/cymru-south/afan-lido-cambrian-clydach/MNCrucMj/,0.1472148845131572,0.1732852497409337,0.143232522687955,2.425,3.725,2.34,
Goytre Utd - Trefelin,Wales:Cymru South 2022/2023,Interwetten,2.75,Pinnacle,4.32,1xBet,2.15,11,2.63,4.01,2.08,2023-01-13 20:30:00,2023-01-13 14:38:11.725991,https://www.betexplorer.com/soccer/wales/cymru-south/goytre-utd-trefelin/ClN8oaqN/,0.1000090904959053,0.1898420396013486,0.0442924167529632,2.65,4.0,2.08,
Westerlo - Leuven,Belgium:Jupiler Pro League 2022/2023,Unibet,2.14,Pinnacle,3.87,Pinnacle,3.33,17,2.09,3.63,3.21,2023-01-13 20:45:00,2023-01-13 14:38:18.390918,https://www.betexplorer.com/soccer/belgium/jupiler-pro-league/westerlo-leuven/CtJ82jHM/,0.0314829552391169,0.0949182654929124,0.0966429991310583,2.1,3.6,3.25,
Altrincham - Wrexham,England:FA Trophy 2022/2023,Betfair Exchange,2.39,1xBet,3.7,Betfair Exchange,2.81,17,2.29,3.45,2.69,2023-01-13 20:45:00,2023-01-13 14:38:27.615828,https://www.betexplorer.com/soccer/england/fa-trophy/altrincham-wrexham/S89WtM82/,0.048248742744973,0.1026594885445826,0.057745639000096,2.29,3.45,2.7,
Annecy - Paris FC,France:Ligue 2 2022/2023,Pinnacle,3.14,bet365,3.2,Pinnacle,2.56,18,2.96,3.02,2.48,2023-01-13 20:45:00,2023-01-13 14:38:34.652303,https://www.betexplorer.com/soccer/france/ligue-2/annecy-paris-fc/jJUMC6f8/,0.0676399541594523,0.0778741233335395,0.0537483849886569,2.95,3.0,2.5,
Bastia - Pau FC,France:Ligue 2 2022/2023,1xBet,1.97,bet365,3.5,Pinnacle,4.61,18,1.91,3.23,4.23,2023-01-13 20:45:00,2023-01-13 14:38:42.520149,https://www.betexplorer.com/soccer/france/ligue-2/bastia-pau/G0E15Onr/,0.0255463183078299,0.0861067888436638,0.227550899283448,1.9,3.2,4.3,
Bordeaux - Amiens,France:Ligue 2 2022/2023,Pinnacle,2.19,1xBet,3.42,BetVictor,3.7,18,2.11,3.24,3.49,2023-01-13 20:45:00,2023-01-13 14:38:49.220304,https://www.betexplorer.com/soccer/france/ligue-2/bordeaux-amiens-sc/OGUkPNaQ/,0.0362813983920278,0.0841955396021005,0.1261185250188931,2.1,3.215,3.5,
Dijon - Valenciennes,France:Ligue 2 2022/2023,Betsafe,2.05,Pinnacle,3.29,Pinnacle,4.17,18,2.01,3.16,3.9,2023-01-13 20:45:00,2023-01-13 14:38:56.372492,https://www.betexplorer.com/soccer/france/ligue-2/dijon-valenciennes/fiD54r2l/,0.0291547594742264,0.0865610215831372,0.1738679538025254,2.0,3.2,3.955,
Guingamp - Grenoble,France:Ligue 2 2022/2023,Pinnacle,2.24,bet365,3.2,Betfair Exchange,3.95,18,2.16,3.02,3.61,2023-01-13 20:45:00,2023-01-13 14:39:03.541157,https://www.betexplorer.com/soccer/france/ligue-2/guingamp-grenoble/2HGD2MW0/,0.0339212852759332,0.0732619973890823,0.1273626390668211,2.15,3.0,3.6,
Laval - Rodez,France:Ligue 2 2022/2023,Pinnacle,2.26,1xBet,3.26,Pinnacle,3.87,18,2.14,3.06,3.58,2023-01-13 20:45:00,2023-01-13 14:39:10.887346,https://www.betexplorer.com/soccer/france/ligue-2/laval-rodez/2gYQBQ9E/,0.0444317792411686,0.0818335629564287,0.1460515174574848,2.15,3.035,3.6,
Le Havre - Nimes,France:Ligue 2 2022/2023,bet365,1.53,Pinnacle,4.01,Pinnacle,8.37,18,1.48,3.85,7.33,2023-01-13 20:45:00,2023-01-13 14:39:17.921735,https://www.betexplorer.com/soccer/france/ligue-2/le-havre-nimes/lEC932Hf/,0.0276533159377486,0.1135465123089051,0.54872043669528,1.48,3.875,7.35,
Metz - Quevilly Rouen,France:Ligue 2 2022/2023,Pinnacle,2.08,Unibet,3.5,BetVictor,4.75,18,1.89,3.33,4.16,2023-01-13 20:45:00,2023-01-13 14:39:24.848406,https://www.betexplorer.com/soccer/france/ligue-2/metz-quevilly/lEjvlNH7/,0.0849913490407388,0.0951314879522022,0.3652526209682595,1.865,3.315,4.15,
Napoli - Juventus,Italy:Serie A 2022/2023,Interwetten,2.05,1xBet,3.52,1xBet,4.24,18,1.96,3.42,4.02,2023-01-13 20:45:00,2023-01-13 14:39:31.985345,https://www.betexplorer.com/soccer/italy/serie-a/napoli-juventus/p2JxhlMt/,0.0420433949488326,0.0832116759026998,0.1537760021054307,1.96,3.435,4.02,
Carrick Rangers - Cliftonville,Northern Ireland:NIFL Premiership 2022/2023,BetVictor,5.75,Pinnacle,4.24,1xBet,1.61,17,5.0,3.97,1.56,2023-01-13 20:45:00,2023-01-13 14:39:39.068474,https://www.betexplorer.com/soccer/northern-ireland/nifl-premiership/carrick-rangers-cliftonville/AqRYNGuR/,0.3175480510188692,0.1310758648758083,0.0335629347381199,5.0,4.0,1.57,
Hearts - St. Mirren,Scotland:Premiership 2022/2023,188BET,1.8,Pinnacle,3.93,bet365,4.75,18,1.77,3.71,4.37,2023-01-13 20:45:00,2023-01-13 14:39:46.231239,https://www.betexplorer.com/soccer/scotland/premiership/hearts-st-mirren/bJxZtKDc/,0.0263026627047429,0.1049867716534907,0.2006166962730904,1.765,3.7,4.35,
Aston Villa - Leeds,England:Premier League 2022/2023,1xBet,2.06,Betsafe,3.7,ComeOn,3.95,18,2.01,3.57,3.76,2023-01-13 21:00:00,2023-01-13 14:39:53.036003,https://www.betexplorer.com/soccer/england/premier-league/aston-villa-leeds/4lFfPFVJ/,0.0269652402734805,0.087327795064628,0.1137722182567379,2.0,3.56,3.8,
Sirens - Mqabba FC,Malta:FA Trophy 2022/2023,Betfair,1.36,1xBet,5.15,bwin,8.75,10,1.3,4.72,7.72,2023-01-13 21:00:00,2023-01-13 14:40:00.044734,https://www.betexplorer.com/soccer/malta/fa-trophy/sirens-mqabba-fc/KIpj92dN/,0.0276686746259295,0.2853380061922663,1.207975349270193,1.3,4.675,7.45,
Celta Vigo - Villarreal,Spain:LaLiga 2022/2023,1xBet,2.88,1xBet,3.22,Unibet,2.85,18,2.78,3.12,2.73,2023-01-13 21:00:00,2023-01-13 14:40:06.941689,https://www.betexplorer.com/soccer/spain/laliga/celta-vigo-villarreal/0QZOxu5o/,0.0456328055369869,0.0472788971703768,0.0624028656958862,2.8,3.1,2.7,
R. Oviedo - Alaves,Spain:LaLiga2 2022/2023,Pinnacle,2.99,bet365,2.75,Pinnacle,3.01,17,2.84,2.67,2.87,2023-01-13 21:00:00,2023-01-13 14:40:14.066882,https://www.betexplorer.com/soccer/spain/laliga2/r-oviedo-alaves/2TGj6KsD/,0.0647165766563533,0.0587867532097256,0.0596373846430142,2.85,2.7,2.88,
Botafogo U20 - Lemense U20,Brazil:Copa Sao Paulo de juniores 2023,1xBet,1.34,Unibet,5.5,Unibet,11.0,7,1.28,4.65,8.99,2023-01-13 21:15:00,2023-01-13 14:40:21.050922,https://www.betexplorer.com/soccer/brazil/copa-sao-paulo-de-juniores/botafogo-rj-lemense/O4Mw1Pda/,0.0430738568374965,0.3855608160292522,1.28200108647157,1.3,4.525,9.1,
Portimonense - Santa Clara,Portugal:Liga Portugal 2022/2023,Pinnacle,2.17,bet-at-home,3.4,Pinnacle,3.89,18,2.08,3.22,3.61,2023-01-13 21:15:00,2023-01-13 14:40:28.168146,https://www.betexplorer.com/soccer/portugal/liga-portugal/portimonense-santa-clara/xjyMkrd3/,0.0595324923639085,0.0798630363507635,0.1231676152156422,2.1,3.23,3.6,
Liverpool M. - Cesar Vallejo,World:Club Friendly 2023,BetVictor,1.75,Pinnacle,3.54,Betfair Exchange,4.61,14,1.71,3.43,4.27,2023-01-13 21:30:00,2023-01-13 14:40:35.507069,https://www.betexplorer.com/soccer/world/club-friendly/liverpool-m-cesar-vallejo/CCJ9OMqD/,0.0256026269256595,0.0757961407002688,0.149998168486987,1.72,3.4,4.275,
San Jose FC - Santa Ana,Costa Rica:Liga de Ascenso 2022/2023,1xBet,3.19,1xBet,3.64,Pinnacle,2.21,15,2.85,3.48,2.11,2023-01-13 22:00:00,2023-01-13 14:40:42.653747,https://www.betexplorer.com/soccer/costa-rica/liga-de-ascenso/san-jose-fc-santa-ana/jLFGBNcQ/,0.1573803400319475,0.1054152785528784,0.0665975832537345,2.85,3.45,2.1,
Arucas - Panaderia,Spain:Tercera RFEF - Group 12 2022/2023,Pinnacle,2.78,188BET,3.1,Betfair Exchange,2.73,14,2.6,2.97,2.55,2023-01-13 22:00:00,2023-01-13 14:40:49.424654,https://www.betexplorer.com/soccer/spain/tercera-rfef-group-12/arucas-panaderia/xxGCp1zB/,0.0886188281534838,0.0918910008866812,0.0806191698633181,2.6,3.0,2.575,
RB Bragantino U20 - Sao Carlos U20,Brazil:Copa Sao Paulo de juniores 2023,William Hill,1.62,Pinnacle,4.0,Pinnacle,5.52,13,1.55,3.78,4.97,2023-01-13 23:00:00,2023-01-13 14:40:56.515133,https://www.betexplorer.com/soccer/brazil/copa-sao-paulo-de-juniores/bragantino-sao-carlos/WzDbd1BU/,0.0284489131486716,0.0978561402050181,0.4058311238666904,1.55,3.75,5.0,
SKA Brasil U20 - Oeste U20,Brazil:Copa Sao Paulo de juniores 2023,10Bet,2.1,William Hill,3.5,William Hill,3.8,14,2.02,3.2,3.3,2023-01-13 23:00:00,2023-01-13 14:41:03.721863,https://www.betexplorer.com/soccer/brazil/copa-sao-paulo-de-juniores/ska-brasil-oeste/jRYr8tit/,0.254969293561677,0.5905129079922762,0.6271179498921419,2.045,3.175,3.25,
Curico Unido - U. de Deportes,World:Club Friendly 2023,Interwetten,2.05,Betsafe,3.4,BetVictor,3.6,13,2.0,3.24,3.42,2023-01-13 23:00:00,2023-01-13 14:41:11.441595,https://www.betexplorer.com/soccer/world/club-friendly/curico-unido-universitario-de-deportes/Cl1jCmTl/,0.0238447358670929,0.0797316929278618,0.1139841258789177,2.0,3.2,3.45,
Internacional U20 - Aster Brasil U20,Brazil:Copa Sao Paulo de juniores 2023,bwin,1.35,Pinnacle,4.72,Pinnacle,8.52,11,1.32,4.42,7.79,2023-01-13 23:30:00,2023-01-13 14:41:18.784517,https://www.betexplorer.com/soccer/brazil/copa-sao-paulo-de-juniores/internacional-aster-brasil/QqFO6Wf6/,0.0191287503750007,0.1438117456323305,0.5955745888711933,1.3250000000000002,4.5,8.0,
Tapatio - Atlante,Mexico:Liga de Expansion MX 2022/2023,Pinnacle,4.06,Pinnacle,3.42,188BET,2.06,17,3.57,3.18,1.99,2023-01-14 00:00:00,2023-01-13 14:41:25.879020,https://www.betexplorer.com/soccer/mexico/liga-de-expansion-mx/tapatio-atlante/2qFq7BCg/,0.2214457840965089,0.0959472894507248,0.0327984038349071,3.55,3.2,1.99,
Queretaro W - Juarez W,Mexico:Liga MX Women 2022/2023,1xBet,4.74,Unibet,3.55,188BET,1.84,13,4.1,3.33,1.77,2023-01-14 00:05:00,2023-01-13 14:41:33.184458,https://www.betexplorer.com/soccer/mexico/liga-mx-women/queretaro-juarez/CMbuXwmi/,0.2996835938289856,0.1006198736550536,0.0435889894354067,4.1,3.3,1.78,
Inter Playa Del Carmen - Real de Arteaga,Mexico:Liga Premier Serie A 2022/2023,Pinnacle,1.52,William Hill,4.5,William Hill,9.0,11,1.46,4.15,5.41,2023-01-14 01:00:00,2023-01-13 14:41:39.889178,https://www.betexplorer.com/soccer/mexico/liga-premier-serie-a/inter-playa-del-carmen-real-de-arteaga/ULsuHwe3/,0.0586979943903924,0.1637533252033421,1.0843878317728255,1.45,4.125,5.45,
Boca Juniors - Everton,Argentina:Torneos De Verano 2023,Betfair Exchange,1.62,Unibet,4.0,Betfair Exchange,5.66,12,1.55,3.77,5.07,2023-01-14 01:30:00,2023-01-13 14:41:47.984736,https://www.betexplorer.com/soccer/argentina/torneos-de-verano/boca-juniors-everton/jFfaPmv3/,0.0305624922751063,0.1406421692815485,0.2750154840795631,1.55,3.78,5.125,
Sao Paulo U20 - Retro U20,Brazil:Copa Sao Paulo de juniores 2023,William Hill,1.29,Betfair Exchange,6.13,Betfair Exchange,15.73,11,1.2,5.57,10.97,2023-01-14 01:45:00,2023-01-13 14:41:56.287262,https://www.betexplorer.com/soccer/brazil/copa-sao-paulo-de-juniores/sao-paulo-retro/dIKoa3RB/,0.0347518676863893,0.2608590345328984,2.121230593492662,1.19,5.61,11.0,
MO Constantine - Eulma,Algeria:Ligue 2 2022/2023,bwin,1.7,Unibet,3.5,Betfair Exchange,6.51,15,1.64,3.23,5.24,2023-01-13 15:00:00,2023-01-13 14:51:04.994220,https://www.betexplorer.com/soccer/algeria/ligue-2/mo-constantine-eulma/jwZhhboj/,0.039279220242478576,0.1298607312616463,0.5782016454984739,1.65,3.2,5.25,
Santo Andre U20 - Bahia U20,Brazil:Copa Sao Paulo de juniores 2023,Betsafe,2.6,bwin,3.3,Pinnacle,2.93,14,2.52,3.01,2.62,2023-01-13 15:00:00,2023-01-13 14:51:12.316791,https://www.betexplorer.com/soccer/brazil/copa-sao-paulo-de-juniores/santo-andre-bahia/xKIS5jAC/,0.10053191864610293,0.17191359956177318,0.12960746598130546,2.5,3.1,2.63,
Burnley U21 - Swansea U21,England:Premier League Cup 2022/2023,Interwetten,2.6,Pinnacle,4.27,Pinnacle,3.4,11,1.85,3.89,3.21,2023-01-13 15:00:00,2023-01-13 14:52:29.105738,https://www.betexplorer.com/soccer/england/premier-league-cup/burnley-swansea/KI8pq6w0/,0.20048978489228286,0.2894785004068561,0.20306984669655567,1.85,3.95,3.25,
East Bengal - Jamshedpur,India:ISL 2022/2023,Unibet,2.65,Pinnacle,3.51,Betfair Exchange,2.79,18,2.51,3.27,2.58,2023-01-13 15:00:00,2023-01-13 14:52:35.777027,https://www.betexplorer.com/soccer/india/isl/east-bengal-jamshedpur/UROkGy0e/,0.06870653706376205,0.1242769940167127,0.07415978157070302,2.5,3.3,2.6,
Al Sahel - Al Ahed,Lebanon:Premier League 2022/2023,BetVictor,4.8,William Hill,3.5,Pinnacle,1.79,12,4.52,3.26,1.73,2023-01-13 15:00:00,2023-01-13 14:52:42.254843,https://www.betexplorer.com/soccer/lebanon/premier-league/al-sahel-al-ahed/MBxsQC6s/,0.16171430101112008,0.12837858312841985,0.036639108100829154,4.5,3.25,1.73,
Jabal Al Mukaber - Shabab Al-Dhahiriya,Palestine:West Bank League 2022/2023,1xBet,1.66,Betfair,4.2,888sport,5.5,10,1.56,3.86,4.77,2023-01-13 15:00:00,2023-01-13 14:52:48.842820,https://www.betexplorer.com/soccer/palestine/west-bank-league/jabal-al-mukaber-shabab-al-dhahiriya/4pa9j1Ms/,0.08604908160140028,0.12276445377677994,0.5250142855199276,1.57,3.82,4.55,
Darmstadt - CFR Cluj,World:Club Friendly 2023,10Bet,2.5,Betsafe,4.0,Betway,2.6,6,2.37,3.75,2.45,2023-01-13 15:00:00,2023-01-13 14:55:19.309539,https://www.betexplorer.com/soccer/world/club-friendly/darmstadt-cfr-cluj/WIJ7NtK5/,0.0963510066554392,0.19521895287199847,0.10123685642542,2.37,3.635,2.475,
Jablonec - Sion,World:Club Friendly 2023,Betfair Exchange,2.82,Unibet,3.8,Betfair Exchange,2.31,9,2.64,3.61,2.25,2023-01-13 15:00:00,2023-01-13 14:55:28.117409,https://www.betexplorer.com/soccer/world/club-friendly/jablonec-sion/I5IFv1Lg/,0.07933547533770012,0.11621797471587095,0.04201715335991455,2.65,3.6,2.26,
Plzen - Heidenheim,World:Club Friendly 2023,Unibet,2.25,Betfair Exchange,3.8,BetVictor,3.0,16,2.15,3.55,2.84,2023-01-13 15:00:00,2023-01-13 14:55:37.449845,https://www.betexplorer.com/soccer/world/club-friendly/plzen-heidenheim/U5NgBHtp/,0.05153882032022075,0.09284395510748125,0.10162020796409874,2.15,3.55,2.8449999999999998,
Rakow - Qarabag,World:Club Friendly 2023,Betsafe,2.45,188BET,3.7,bet-at-home,2.6,11,2.37,3.51,2.55,2023-01-13 15:00:00,2023-01-13 14:55:45.301864,https://www.betexplorer.com/soccer/world/club-friendly/rakow-czestochowa-qarabag-agdam/Qugg4X9E/,0.06105139414683943,0.08347019065075112,0.04885972500201707,2.38,3.5,2.56,
Bochum - Luzern,World:Club Friendly 2023,Interwetten,2.1,1xBet,3.84,Pinnacle,3.27,16,2.01,3.65,3.06,2023-01-13 15:15:00,2023-01-13 14:55:54.869233,https://www.betexplorer.com/soccer/world/club-friendly/bochum-luzern/WdlXq8SE/,0.04415408625861633,0.12237748976016788,0.10804320123604882,2.0,3.675,3.075,
Chindia Targoviste - Chemnitzer,World:Club Friendly 2023,1xBet,1.4,bet-at-home,5.0,Betfair,6.5,3,1.34,4.90,6.27,2023-01-13 15:30:00,2023-01-13 14:57:16.640633,https://www.betexplorer.com/soccer/world/club-friendly/chindia-targoviste-chemnitzer/QcMif5W0/,0.04203173404306158,0.09574271077563386,0.2645751311064589,1.34,4.95,6.300000000000001,
Dortmund - Basel,World:Club Friendly 2023,1xBet,1.47,Betsson,5.5,Betsafe,6.5,9,1.44,4.66,5.29,2023-01-13 15:30:00,2023-01-13 14:57:26.185432,https://www.betexplorer.com/soccer/world/club-friendly/dortmund-basel/lI4QJNld/,0.02700168344920202,0.3768891807222045,0.5510320894796995,1.43,4.75,5.25,
Partizani - Vllaznia,Albania:Superliga 2022/2023,Betfair Exchange,1.84,Betsafe,3.4,William Hill,4.75,9,1.75,3.32,4.34,2023-01-13 16:00:00,2023-01-13 14:57:35.649146,https://www.betexplorer.com/soccer/albania/superliga/partizani-vllaznia/4b2oHGEt/,0.040000000000000036,0.07822687801800884,0.2223423286536127,1.75,3.3,4.33,
Bahrain - Kuwait,Asia:Gulf Cup of Nations 2023,Pinnacle,2.03,Pinnacle,3.21,Pinnacle,4.15,17,1.97,3.09,3.76,2023-01-13 16:00:00,2023-01-13 14:57:44.326521,https://www.betexplorer.com/soccer/asia/gulf-cup-of-nations/bahrain-kuwait/WEFbJiEk/,0.04179783276115412,0.09171567317466711,0.21017674634907246,2.0,3.1,3.75,
Qatar - United Arab Emirates,Asia:Gulf Cup of Nations 2023,Pinnacle,2.81,Pinnacle,3.23,BetVictor,2.7,17,2.62,3.07,2.56,2023-01-13 16:00:00,2023-01-13 14:57:52.494533,https://www.betexplorer.com/soccer/asia/gulf-cup-of-nations/qatar-united-arab-emirates/QyF2IBTe/,0.1000147048011971,0.10548905714087407,0.08704292382632436,2.63,3.05,2.6,
Pharco - Ceramica Cleopatra,Egypt:Premier League 2022/2023,Pinnacle,4.17,1xBet,2.94,188BET,2.26,17,3.68,2.83,2.15,2023-01-13 16:00:00,2023-01-13 14:58:02.249001,https://www.betexplorer.com/soccer/egypt/premier-league/pharco-fc-ceramica-cleopatra/IHKjBIAl/,0.23572323003147264,0.06909073318300146,0.059686681931566635,3.6,2.85,2.15,
Atl. San Luis U20 - Guadalajara Chivas U20,Mexico:Liga MX U20 2022/2023,Pinnacle,2.72,Pinnacle,3.54,BetVictor,2.38,10,2.63,3.33,2.32,2023-01-13 16:00:00,2023-01-13 14:58:11.746033,https://www.betexplorer.com/soccer/mexico/liga-mx-u20/atletico-san-luis-guadalajara-chivas/fqFIge5c/,0.056460408940936485,0.13918812209859477,0.0385861230093008,2.625,3.3499999999999996,2.3049999999999997,
Puebla U20 - Queretaro U20,Mexico:Liga MX U20 2022/2023,Pinnacle,1.67,Pinnacle,4.11,Betfair Exchange,4.9,12,1.57,3.90,4.51,2023-01-13 16:00:00,2023-01-13 14:58:19.673785,https://www.betexplorer.com/soccer/mexico/liga-mx-u20/puebla-queretaro/x84NhFK3/,0.04115324706010134,0.14038408851323678,0.2118114788298844,1.57,3.95,4.45,
CDC Montalegre - Sanjoanense,Portugal:Liga 3 2022/2023,Pinnacle,2.54,188BET,3.25,Pinnacle,2.94,15,2.40,3.11,2.75,2023-01-13 16:00:00,2023-01-13 14:58:28.548629,https://www.betexplorer.com/soccer/portugal/liga-3/cdc-montalegre-sanjoanense/zocjmiwI/,0.06173676839152315,0.07321202087089254,0.08478544349457293,2.4,3.1,2.75,
Al Khaleej - Al Wehda,Saudi Arabia:Saudi Professional League 2022/2023,Pinnacle,2.92,188BET,3.15,Pinnacle,2.63,16,2.73,3.02,2.49,2023-01-13 16:00:00,2023-01-13 14:59:50.784427,https://www.betexplorer.com/soccer/saudi-arabia/saudi-professional-league/al-khaleej-al-wehda/lbthDmrB/,0.06872347973339722,0.08823264701911643,0.0487125924855849,2.715,3.025,2.5,
Kakadl - Entente II,Togo:Championnat National 2022/2023,Pinnacle,2.49,BetVictor,2.7,1xBet,3.18,5,2.45,2.64,3.04,2023-01-13 16:00:00,2023-01-13 15:00:00.001963,https://www.betexplorer.com/soccer/togo/championnat-national/kakadl-entente/GKSudzfd/,0.033466401061363144,0.042661458015403136,0.08792041856133308,2.45,2.63,3.0,
Club Africain - Ben Guerdane,Tunisia:Ligue Professionnelle 1 2022/2023,Betfair Exchange,1.71,1xBet,3.5,Betfair Exchange,5.75,12,1.66,3.29,5.07,2023-01-13 16:00:00,2023-01-13 15:00:09.688769,https://www.betexplorer.com/soccer/tunisia/ligue-professionnelle-1/club-africain-ben-guerdane/YTxXIAf3/,0.03203927514028912,0.08114241128467221,0.3538478957593692,1.67,3.29,5.0,
Sonabel Ouagadougou - USFA,Burkina Faso:Premier League 2022/2023,Pinnacle,2.98,1xBet,2.63,Pinnacle,2.87,5,2.86,2.44,2.76,2023-01-13 16:30:00,2023-01-13 15:03:58.864326,https://www.betexplorer.com/soccer/burkina-faso/premier-league/sonabel-ouagadougou-usfa/ddg2hpE2/,0.10212737145349426,0.14096098751072933,0.07231873892705812,2.9,2.38,2.75,
Botafogo PB U20 - Hercilio Luz U20,Brazil:Copa Sao Paulo de juniores 2023,Interwetten,3.05,William Hill,3.5,10Bet,2.3,13,2.82,3.32,2.19,2023-01-13 16:45:00,2023-01-13 15:05:18.376811,https://www.betexplorer.com/soccer/brazil/copa-sao-paulo-de-juniores/botafogo-pb-hercilio-luz/6TRY15sg/,0.15538207664846593,0.10395388523961115,0.08792479303796635,2.8,3.33,2.2,
Remo U20 - Nacional SP U20,Brazil:Copa Sao Paulo de juniores 2023,Betfair Exchange,2.71,William Hill,3.5,Unibet,2.9,14,2.46,3.30,2.50,2023-01-13 16:45:00,2023-01-13 15:05:25.993143,https://www.betexplorer.com/soccer/brazil/copa-sao-paulo-de-juniores/remo-nacional-sp/plYn706n/,0.10929594866967576,0.08234208996752376,0.14107320210319302,2.5,3.3,2.5,
Vasco U20 - Ibrachina U20,Brazil:Copa Sao Paulo de juniores 2023,Betfair Exchange,1.66,Betsafe,3.75,Unibet,6.0,15,1.59,3.56,4.99,2023-01-13 16:45:00,2023-01-13 15:05:34.079622,https://www.betexplorer.com/soccer/brazil/copa-sao-paulo-de-juniores/vasco-ibrachina/2eLs0qC5/,0.05485912694824633,0.15619889640485699,0.4037832987890316,1.61,3.6,4.94,
Falcons - Armed Forces,Gambia:GFA League 2022/2023,Pinnacle,2.51,1xBet,2.84,1xBet,2.96,9,2.45,2.76,2.87,2023-01-13 17:00:00,2023-01-13 15:06:51.777761,https://www.betexplorer.com/soccer/gambia/gfa-league/falcons-armed-forces/ney2T6nC/,0.040620192023179784,0.06184658438426482,0.04949747468305836,2.45,2.8,2.88,
Steve Biko - Brikama U.,Gambia:GFA League 2022/2023,1xBet,2.5,Betfair Exchange,2.65,1xBet,3.3,9,2.44,2.53,3.18,2023-01-13 17:00:00,2023-01-13 15:06:59.162987,https://www.betexplorer.com/soccer/gambia/gfa-league/steve-biko-brikama-united/zLXcUnX5/,0.043811464760316436,0.07017834423809091,0.06837397165588666,2.45,2.55,3.2,
Al Khaleel - Wadi Al-Nes,Palestine:West Bank League 2022/2023,Interwetten,1.3,Betway,5.5,1xBet,10.5,11,1.25,4.99,8.96,2023-01-13 17:00:00,2023-01-13 15:08:16.943913,https://www.betexplorer.com/soccer/palestine/west-bank-league/shabab-al-khaleel-wadi-al-nes/b7bDkLyl/,0.029014103153779947,0.31468310177932113,1.7135078321703379,1.25,4.8,9.0,
Kayserispor - Sivasspor,Turkey:Super Lig 2022/2023,Pinnacle,2.3,1xBet,3.48,Pinnacle,3.4,16,2.22,3.30,3.18,2023-01-13 17:00:00,2023-01-13 15:08:25.007311,https://www.betexplorer.com/soccer/turkey/super-lig/kayserispor-sivasspor/t26ugXEi/,0.041664705836214615,0.07924686340466178,0.09523277296052882,2.22,3.3,3.2,
Honved - Rijeka,World:Club Friendly 2023,1xBet,4.16,Pinnacle,4.15,Betway,1.8,8,3.85,3.97,1.69,2023-01-13 17:00:00,2023-01-13 15:08:32.531060,https://www.betexplorer.com/soccer/world/club-friendly/honved-rijeka/t4NmTlCI/,0.16366972162797186,0.11994906326344443,0.04948624949305503,3.85,4.0,1.6949999999999998,
Marchfeld - St. Polten,World:Club Friendly 2023,Betsafe,12.0,1xBet,7.3,Pinnacle,1.21,12,9.93,6.88,1.18,2023-01-13 17:30:00,2023-01-13 15:10:06.328527,https://www.betexplorer.com/soccer/world/club-friendly/fc-marchfeld-donauauen-st-polten/M3UrY3nj/,1.0969295991332102,0.22908745187386542,0.022207697273283852,9.75,7.0,1.17,
Narva - Levadia,World:Club Friendly 2023,Betsafe,6.0,1xBet,4.5,1xBet,1.51,10,5.36,4.38,1.45,2023-01-13 17:30:00,2023-01-13 15:10:18.035095,https://www.betexplorer.com/soccer/world/club-friendly/narva-levadia/WW82kQak/,0.5332958320148813,0.11286176402031721,0.03247221034122017,5.275,4.365,1.44,
Chloraka - Ol. Nicosia,Cyprus:First Division 2022/2023,Interwetten,2.15,Betsafe,3.2,Pinnacle,3.84,15,2.08,3.04,3.46,2023-01-13 18:00:00,2023-01-13 15:10:28.237043,https://www.betexplorer.com/soccer/cyprus/first-division/akritas-chloraka-ol-nicosia/OUcMPL2o/,0.039940431835899064,0.09652534826222002,0.1630512627541237,2.07,3.0,3.4,
Paralimni - Paphos,Cyprus:First Division 2022/2023,Pinnacle,7.1,Pinnacle,3.96,1xBet,1.54,15,5.95,3.73,1.51,2023-01-13 18:00:00,2023-01-13 15:10:36.506101,https://www.betexplorer.com/soccer/cyprus/first-division/paralimni-paphos/bmjZMJn4/,0.3916388034668582,0.11733955611204355,0.01959105724072911,5.9,3.75,1.5,
El Ismaily - Arab Contractors,Egypt:Premier League 2022/2023,Betfair Exchange,2.82,Betfair,2.88,Pinnacle,3.08,17,2.68,2.72,2.85,2023-01-13 18:00:00,2023-01-13 15:10:43.706999,https://www.betexplorer.com/soccer/egypt/premier-league/el-ismaily-arab-contractors-al-mokawloon/CvKfAxQf/,0.06707655854232797,0.06394505913857056,0.10773401341757778,2.7,2.7,2.88,
Hibernians - Zurrieq,Malta:FA Trophy 2022/2023,Betfair,1.15,1xBet,8.1,1xBet,20.0,8,1.11,7.11,16.00,2023-01-13 18:00:00,2023-01-13 15:10:52.565564,https://www.betexplorer.com/soccer/malta/fa-trophy/hibernians-zurrieq/G6Pi07Dh/,0.018885620632286985,1.3890860304531176,5.1481327790871045,1.1150000000000002,7.0,15.0,
Galatasaray - Hatayspor,Turkey:Super Lig 2022/2023,Betfair Exchange,1.34,1xBet,6.5,Betsafe,11.0,18,1.27,5.92,9.29,2023-01-13 18:00:00,2023-01-13 15:11:00.802776,https://www.betexplorer.com/soccer/turkey/super-lig/galatasaray-hatayspor/norHh33B/,0.035686543847292196,0.21740597847603954,1.0322334437291505,1.27,5.9,9.0,
Denizlispor - Eyupspor,Turkey:1. Lig 2022/2023,Betsafe,6.0,Pinnacle,4.33,Betsafe,1.57,18,5.51,3.90,1.53,2023-01-13 18:00:00,2023-01-13 15:11:10.009405,https://www.betexplorer.com/soccer/turkey/1-lig/denizlispor-eyupspor/fmZLSa4K/,0.32744654805031215,0.19542562900138832,0.027611923161083803,5.5,3.9000000000000004,1.53,
Bayern Munich - Salzburg,World:Club Friendly 2023,Betfair Exchange,1.22,10Bet,8.0,Betsafe,13.0,16,1.16,7.47,11.08,2023-01-13 18:00:00,2023-01-13 15:11:17.006665,https://www.betexplorer.com/soccer/world/club-friendly/bayern-munich-salzburg/p29Y6pak/,0.02324739074542752,0.3785586053004988,1.3001592097078862,1.16,7.5,11.0,
Lafnitz - Allerheiligen,World:Club Friendly 2023,10Bet,1.21,Betsafe,7.5,BetVictor,11.0,13,1.18,6.85,9.28,2023-01-13 18:00:00,2023-01-13 15:12:33.767489,https://www.betexplorer.com/soccer/world/club-friendly/lafnitz-allerheiligen/nkbkSyKa/,0.018466879569262417,0.4367214684734893,2.0180058067055793,1.18,6.75,9.0,
Weinland Gamlitz - Kalsdorf,World:Club Friendly 2023,Betsafe,3.5,ComeOn,4.8,888sport,1.83,14,3.18,4.48,1.78,2023-01-13 18:00:00,2023-01-13 15:12:40.340087,https://www.betexplorer.com/soccer/world/club-friendly/weinland-gamlitz-sc-kalsdorf/CnSKr5jo/,0.18291293791621965,0.17269836500304586,0.039167153765188714,3.125,4.45,1.77,
Wydad - Hassania Agadir,Morocco:Botola Pro 2022/2023,1xBet,1.53,Betsafe,3.75,Betfair Exchange,7.65,16,1.49,3.63,6.50,2023-01-13 18:15:00,2023-01-13 15:13:56.275727,https://www.betexplorer.com/soccer/morocco/botola-pro/wydad-athletic-hassania-agadir/GUqcD994/,0.018574175621006727,0.07907538597229019,0.5101041560309032,1.5,3.605,6.5,
AmaZulu - Kaizer Chiefs,South Africa:Premier League 2022/2023,Pinnacle,3.38,Betfair,3.5,Pinnacle,2.63,17,2.99,2.83,2.47,2023-01-13 18:30:00,2023-01-13 15:14:13.362282,https://www.betexplorer.com/soccer/south-africa/premier-league/amazulu-kaizer-chiefs/IJuV6tc3/,0.17356131311949877,0.1951112050932523,0.0737443916112788,3.0,2.78,2.5,
America MG U20 - CSP U20,Brazil:Copa Sao Paulo de juniores 2023,Unibet,1.27,Betfair Exchange,6.13,Betsafe,13.0,13,1.23,5.01,10.30,2023-01-13 19:00:00,2023-01-13 15:15:29.538225,https://www.betexplorer.com/soccer/brazil/copa-sao-paulo-de-juniores/america-mg-csp/xjeKD2t5/,0.026913917855989972,0.34140358852304153,1.5856827373689049,1.23,5.0,10.0,
EC Sao Bernardo U20 - Santos U20,Brazil:Copa Sao Paulo de juniores 2023,Pinnacle,6.24,1xBet,4.24,William Hill,1.53,13,5.56,4.04,1.46,2023-01-13 19:00:00,2023-01-13 15:15:36.380839,https://www.betexplorer.com/soccer/brazil/copa-sao-paulo-de-juniores/ec-sao-bernardo-santos/AXGz4UvP/,0.4301281860216283,0.14873828331360067,0.036374124361652,5.75,4.0,1.47,
Piracicaba U20 - Fortaleza U20,Brazil:Copa Sao Paulo de juniores 2023,Betfair,2.7,William Hill,3.6,1xBet,2.84,16,2.47,3.18,2.55,2023-01-13 19:00:00,2023-01-13 15:15:43.024232,https://www.betexplorer.com/soccer/brazil/copa-sao-paulo-de-juniores/piracicaba-fortaleza/lInHCMrP/,0.11855905701379375,0.14983880227319848,0.11248703629011357,2.5,3.17,2.525,
Rio Claro U20 - Desportivo U20,Brazil:Copa Sao Paulo de juniores 2023,Pinnacle,7.18,Betsafe,4.2,Unibet,1.54,14,6.28,3.94,1.44,2023-01-13 19:00:00,2023-01-13 15:15:49.720585,https://www.betexplorer.com/soccer/brazil/copa-sao-paulo-de-juniores/rio-claro-desportivo/ALOkbNtI/,0.5160293244925754,0.203136126068914,0.04196413958356604,6.25,3.99,1.43,
Vila Nova FC U20 - Agua Santa U20,Brazil:Copa Sao Paulo de juniores 2023,Pinnacle,2.89,William Hill,3.5,Unibet,2.65,12,2.67,3.10,2.40,2023-01-13 19:00:00,2023-01-13 15:15:56.335065,https://www.betexplorer.com/soccer/brazil/copa-sao-paulo-de-juniores/vila-nova-fc-agua-santa/rTeGErRb/,0.14185993946228234,0.18666125533282005,0.1355348551838123,2.7,3.125,2.385,
Zwickau - VfB Oldenburg,Germany:3. Liga 2022/2023,Interwetten,2.0,Pinnacle,3.82,bet365,4.0,18,1.92,3.48,3.68,2023-01-13 19:00:00,2023-01-13 15:16:02.926354,https://www.betexplorer.com/soccer/germany/3-liga/zwickau-vfb-oldenburg/tCevSmv7/,0.03617766616867047,0.14324894916860123,0.14084362997514357,1.93,3.5,3.7,
Moreirense - Mafra,Portugal:Liga Portugal 2 2022/2023,Interwetten,1.95,Pinnacle,3.81,Betfair Exchange,4.33,18,1.85,3.53,3.78,2023-01-13 19:00:00,2023-01-13 15:16:09.404622,https://www.betexplorer.com/soccer/portugal/liga-portugal-2/moreirense-mafra/8MDj7DEo/,0.05414818689292233,0.12584485728298625,0.21450048372052652,1.86,3.535,3.7649999999999997,
Leobendorf - Zwettl,World:Club Friendly 2023,BetVictor,2.05,Betsafe,4.2,Betsafe,3.0,6,1.99,3.97,2.90,2023-01-13 19:00:00,2023-01-13 15:16:15.817536,https://www.betexplorer.com/soccer/world/club-friendly/leobendorf-zwettl/C6npobCq/,0.06237368187365713,0.19696506821068083,0.1435104111039965,1.95,3.98,2.93,
Rellinghausen - Schonnebeck,World:Club Friendly 2023,BetVictor,8.5,1xBet,5.85,1xBet,1.25,3,8.43,5.70,1.25,2023-01-13 19:00:00,2023-01-13 15:16:22.203232,https://www.betexplorer.com/soccer/world/club-friendly/rellinghausen-schonnebeck/YiawJ1aL/,0.11547005383792475,0.1802775637731993,0.0,8.5,5.75,1.25,
Sturm Graz (Am) - SV Wildon,World:Club Friendly 2023,Interwetten,1.22,BetVictor,10.0,1xBet,17.0,6,1.09,9.04,14.27,2023-01-13 19:00:00,2023-01-13 15:16:28.602662,https://www.betexplorer.com/soccer/world/club-friendly/sturm-sv-wildon/pzg2t695/,0.05056349144062999,1.4209249726068502,2.9314577336957197,1.1,9.025,12.75,
Duisburg W - Sittard W,World:Club Friendly Women 2023,Unibet,3.38,Unibet,4.1,Interwetten,2.05,10,3.09,3.80,1.91,2023-01-13 19:00:00,2023-01-13 15:17:44.618148,https://www.betexplorer.com/soccer/world/club-friendly-women/duisburg-sittard/dlusQolI/,0.17722097146577417,0.1991618802518557,0.10112098963842539,3.07,3.75,1.95,
Avranches - Versailles,France:National 2022/2023,Unibet,4.3,Betsafe,3.4,Pinnacle,2.0,17,3.79,3.27,1.91,2023-01-13 19:30:00,2023-01-13 15:17:51.067582,https://www.betexplorer.com/soccer/france/national/avranches-versailles/bLmisWwD/,0.17401402918426195,0.09801335443223445,0.04971980313244822,3.75,3.3,1.91,
Le Mans - Villefranche,France:National 2022/2023,Betway,2.05,1xBet,3.42,Pinnacle,4.13,16,1.98,3.22,3.56,2023-01-13 19:30:00,2023-01-13 15:17:57.642112,https://www.betexplorer.com/soccer/france/national/le-mans-villefranche/6J6QanFH/,0.04335896677735758,0.08413283148291946,0.21150945605338786,2.0,3.23,3.55,
Le Puy-en-Velay - Nancy,France:National 2022/2023,Pinnacle,3.47,1xBet,3.05,Pinnacle,2.42,17,3.18,2.91,2.28,2023-01-13 19:30:00,2023-01-13 15:18:04.267026,https://www.betexplorer.com/soccer/france/national/le-puy-en-velay-nancy/8WfvpYgf/,0.1140852364527093,0.08239520974082959,0.04980845664082734,3.2,2.9,2.3,
Orleans - Dunkerque,France:National 2022/2023,Pinnacle,2.8,1xBet,3.1,Pinnacle,2.76,17,2.66,3.02,2.57,2023-01-13 19:30:00,2023-01-13 15:18:10.822968,https://www.betexplorer.com/soccer/france/national/orleans-dunkerque/d66ftjgJ/,0.06249705875432204,0.06728997827663931,0.07785261339071864,2.65,3.04,2.6,
Paris 13 Atl. - Cholet,France:National 2022/2023,bet-at-home,2.15,Pinnacle,3.2,Pinnacle,3.85,16,2.10,3.04,3.48,2023-01-13 19:30:00,2023-01-13 15:18:17.359681,https://www.betexplorer.com/soccer/france/national/paris-13-atletico-cholet/Q7kqqh90/,0.035584406697316204,0.09253602901933214,0.16194134740701652,2.1,3.045,3.45,
Red Star - Chateauroux,France:National 2022/2023,Interwetten,2.1,Pinnacle,3.37,Pinnacle,3.73,17,2.01,3.21,3.51,2023-01-13 19:30:00,2023-01-13 15:18:23.924916,https://www.betexplorer.com/soccer/france/national/red-star-chateauroux/4blmrCO6/,0.04429181307964663,0.0892657960976161,0.12761096670556737,2.0,3.2,3.6,
Sedan - Stade Briochin,France:National 2022/2023,Interwetten,2.1,Pinnacle,3.36,Pinnacle,3.75,17,2.02,3.19,3.48,2023-01-13 19:30:00,2023-01-13 15:18:30.413525,https://www.betexplorer.com/soccer/france/national/sedan-stade-briochin/bc54jzHQ/,0.044713137956112564,0.08321216681400831,0.10844149954482099,2.01,3.2,3.5,
Wandsbeker Concordia - Hamm United,Germany:Oberliga Hamburg 2022/2023,Pinnacle,1.36,1xBet,5.7,bwin,8.75,0,,,,2023-01-13 19:30:00,2023-01-13 15:20:55.983825,https://www.betexplorer.com/soccer/germany/oberliga-hamburg/tsv-concordia-hamm-united/vywzJasI/,0.04183300132670381,0.29063149634316415,1.1197990891226872,1.32,5.225,6.47,
Legion - Tallinna Kalev,World:Club Friendly 2023,BetVictor,2.88,1xBet,4.0,188BET,2.12,3,2.78,3.90,2.06,2023-01-13 19:30:00,2023-01-13 15:21:02.289944,https://www.betexplorer.com/soccer/world/club-friendly/legion-tallinna-kalev/ETTZOQj8/,0.08734987120768972,0.15993748778819805,0.041472882706655514,2.75,3.7,2.1,
Oberneuland - BSV Rehden,World:Club Friendly 2023,1xBet,4.1,ComeOn,4.8,William Hill,2.0,11,3.51,4.33,1.70,2023-01-13 19:30:00,2023-01-13 15:22:18.366871,https://www.betexplorer.com/soccer/world/club-friendly/oberneuland-bsv-rehden/C0wVSm4a/,0.2937531431166466,0.3210730116155495,0.09897964284119082,3.46,4.2,1.725,
Algeria - Libya,Africa:African Nations Championship 2022,Pinnacle,1.52,bwin,4.0,William Hill,8.5,15,1.47,3.87,7.04,2023-01-13 20:00:00,2023-01-13 15:22:24.802463,https://www.betexplorer.com/soccer/africa/african-nations-championship/algeria-libya/GhAYdgK8/,0.03850865703535595,0.09490345971916235,0.5650129054573296,1.46,3.85,7.0,
Arsenal U21 - Leicester U21,England:Premier League 2 2022/2023,Betfair Exchange,1.48,Pinnacle,4.99,Unibet,6.0,14,1.42,4.68,5.42,2023-01-13 20:00:00,2023-01-13 15:22:31.363416,https://www.betexplorer.com/soccer/england/premier-league-2/arsenal-leicester/AiXAmvsp/,0.032921262488086966,0.14839458339492173,0.31343412765835243,1.42,4.71,5.5,
Chelsea U21 - Wolves U21,England:Premier League 2 2022/2023,Pinnacle,1.46,William Hill,5.5,William Hill,6.0,14,1.42,4.85,5.21,2023-01-13 20:00:00,2023-01-13 15:22:37.883336,https://www.betexplorer.com/soccer/england/premier-league-2/chelsea-wolves/hGMFnbdj/,0.03181793444554425,0.2812675391356575,0.43584837905378243,1.42,4.8,5.5,
Southampton U21 - Newcastle Utd U21,England:Premier League 2 2022/2023,Pinnacle,1.46,Betfair Exchange,5.37,Betfair Exchange,5.56,13,1.41,4.88,5.29,2023-01-13 20:00:00,2023-01-13 15:22:44.418170,https://www.betexplorer.com/soccer/england/premier-league-2/southampton-newcastle-utd/W8AOMEWj/,0.03224505527586497,0.27515496799123296,0.2363260459619295,1.4,4.95,5.4,
Brentford U21 - Aston Villa U21,England:Premier League Cup 2022/2023,Pinnacle,1.82,bwin,4.5,Unibet,4.5,10,1.78,3.91,3.49,2023-01-13 20:00:00,2023-01-13 15:22:51.017847,https://www.betexplorer.com/soccer/england/premier-league-cup/brentford-aston-villa/SMvqu0tc/,0.11220584438945913,0.2857353617767619,0.4011375869154668,1.78,3.98,3.525,
QPR U21 - Bournemouth U21,England:Premier League Cup 2022/2023,bwin,5.25,Betway,5.0,1xBet,2.9,0,,,,2023-01-13 20:00:00,2023-01-13 15:22:57.687781,https://www.betexplorer.com/soccer/england/premier-league-cup/qpr-bournemouth/fNuZekMC/,1.2663986159758132,0.37556502886862464,0.5952890817989952,4.2,4.0,1.59,
Martigues - Bastia-Borgo,France:National 2022/2023,Betsafe,1.44,Betfair Exchange,4.61,Pinnacle,8.03,17,1.40,4.33,6.81,2023-01-13 20:00:00,2023-01-13 15:24:13.653737,https://www.betexplorer.com/soccer/france/national/martigues-bastia-borgo/UudzoEvl/,0.027732970397323496,0.1440588115197075,0.49519603961164577,1.4,4.35,6.75,
Den Haag - Maastricht,Netherlands:Eerste Divisie 2022/2023,188BET,1.78,Unibet,4.25,Pinnacle,4.47,18,1.73,3.92,4.06,2023-01-13 20:00:00,2023-01-13 15:24:20.143200,https://www.betexplorer.com/soccer/netherlands/eerste-divisie/den-haag-maastricht/x0IXwQ3t/,0.03429971702850179,0.1608514924219825,0.20531818125912657,1.74,3.875,4.074999999999999,
Graafschap - Jong Ajax,Netherlands:Eerste Divisie 2022/2023,bet365,1.67,Pinnacle,4.49,BetVictor,4.75,18,1.64,4.17,4.35,2023-01-13 20:00:00,2023-01-13 15:24:26.777232,https://www.betexplorer.com/soccer/netherlands/eerste-divisie/de-graafschap-jong-ajax/ADGux4Yh/,0.021932755222132585,0.18311038136792224,0.17435220907822627,1.645,4.2,4.33,
Helmond - Breda,Netherlands:Eerste Divisie 2022/2023,Betsafe,2.7,Pinnacle,3.53,Pinnacle,2.68,18,2.61,3.25,2.58,2023-01-13 20:00:00,2023-01-13 15:24:33.410503,https://www.betexplorer.com/soccer/netherlands/eerste-divisie/helmond-sport-breda/UFWtzr35/,0.05992369876102956,0.14041953944812496,0.054259723986202005,2.6100000000000003,3.25,2.6,
Roda - Oss,Netherlands:Eerste Divisie 2022/2023,bet365,1.44,Pinnacle,4.79,BetVictor,8.5,18,1.40,4.43,7.14,2023-01-13 20:00:00,2023-01-13 15:24:40.225491,https://www.betexplorer.com/soccer/netherlands/eerste-divisie/roda-top-oss/OxWpZ1IB/,0.02572478777137629,0.16257326151454643,0.5575943309508238,1.4049999999999998,4.475,7.0,
Telstar - Jong AZ,Netherlands:Eerste Divisie 2022/2023,Pinnacle,2.29,Unibet,3.55,bet365,3.2,18,2.19,3.35,3.09,2023-01-13 20:00:00,2023-01-13 15:24:46.739688,https://www.betexplorer.com/soccer/netherlands/eerste-divisie/telstar-jong-az-alkmaar/xtzkYLXH/,0.05675598497132579,0.11778456016973993,0.07754610688364995,2.2,3.3,3.1,
Paredes - Vitoria Guimaraes B,Portugal:Liga 3 2022/2023,Pinnacle,2.35,Pinnacle,2.96,Unibet,3.6,15,2.24,2.82,3.32,2023-01-13 20:00:00,2023-01-13 15:24:53.435293,https://www.betexplorer.com/soccer/portugal/liga-3/paredes-vitoria-guimaraes/EV8skD85/,0.05475486497193864,0.07805370556470043,0.14932546747991532,2.25,2.8,3.3,
Femina Woluwe W - Gent W,Belgium:Super League Women 2022/2023,1xBet,4.46,Betway,4.0,188BET,1.77,12,4.10,3.74,1.67,2023-01-13 20:30:00,2023-01-13 15:24:59.866263,https://www.betexplorer.com/soccer/belgium/super-league-women/femina-woluwe-gent/htzPdof1/,0.25791322333147404,0.1340903418603285,0.053039483530543635,4.17,3.77,1.665,
Genk W - Aalst W,Belgium:Super League Women 2022/2023,10Bet,1.06,bwin,16.0,bwin,36.0,10,1.04,11.93,23.13,2023-01-13 20:30:00,2023-01-13 15:25:06.213652,https://www.betexplorer.com/soccer/belgium/super-league-women/genk-aalst/WWYSe597/,0.014944341180973274,2.0382206292090492,7.160263884026126,1.045,12.215,23.5,
Mouloudia Oujda - Difaa El Jadidi,Morocco:Botola Pro 2022/2023,Unibet,2.45,1xBet,3.02,Betfair Exchange,3.38,16,2.31,2.88,3.08,2023-01-13 20:30:00,2023-01-13 15:25:13.000745,https://www.betexplorer.com/soccer/morocco/botola-pro/mouloudia-oujda-difaa-el-jadidi/bgZ1CTOA/,0.059651767227244336,0.08364358911476723,0.12273956167430283,2.3099999999999996,2.88,3.1,
Afan Lido - Cambrian &amp; Clydach,Wales:Cymru South 2022/2023,bet-at-home,2.85,Betsafe,4.0,1xBet,2.4,9,2.43,3.75,2.33,2023-01-13 20:30:00,2023-01-13 15:25:19.646284,https://www.betexplorer.com/soccer/wales/cymru-south/afan-lido-cambrian-clydach/MNCrucMj/,0.14721488451315726,0.1732852497409337,0.14323252268795506,2.425,3.7249999999999996,2.34,
Goytre Utd - Trefelin,Wales:Cymru South 2022/2023,Interwetten,2.75,Pinnacle,4.32,1xBet,2.15,11,2.63,4.01,2.08,2023-01-13 20:30:00,2023-01-13 15:25:26.249602,https://www.betexplorer.com/soccer/wales/cymru-south/goytre-utd-trefelin/ClN8oaqN/,0.10000909049590538,0.18984203960134866,0.04429241675296328,2.65,4.0,2.08,
Westerlo - Leuven,Belgium:Jupiler Pro League 2022/2023,Unibet,2.14,Pinnacle,3.91,Pinnacle,3.33,17,2.08,3.68,3.22,2023-01-13 20:45:00,2023-01-13 15:25:32.711256,https://www.betexplorer.com/soccer/belgium/jupiler-pro-league/westerlo-leuven/CtJ82jHM/,0.03239866050648365,0.10410527602735624,0.08952488973661422,2.09,3.7,3.25,
Altrincham - Wrexham,England:FA Trophy 2022/2023,Betfair Exchange,2.39,1xBet,3.7,Betfair Exchange,2.82,17,2.29,3.45,2.69,2023-01-13 20:45:00,2023-01-13 15:25:40.014535,https://www.betexplorer.com/soccer/england/fa-trophy/altrincham-wrexham/S89WtM82/,0.04844645315737172,0.10265948854458266,0.05522014764451787,2.3,3.45,2.7,
Annecy - Paris FC,France:Ligue 2 2022/2023,Pinnacle,3.22,bet365,3.2,BetVictor,2.5,18,3.00,3.04,2.44,2023-01-13 20:45:00,2023-01-13 15:25:46.559334,https://www.betexplorer.com/soccer/france/ligue-2/annecy-paris-fc/jJUMC6f8/,0.0949922597465957,0.07922830417853548,0.04733761372526737,3.0,3.0,2.4450000000000003,
Bastia - Pau FC,France:Ligue 2 2022/2023,Pinnacle,1.99,bet365,3.5,Pinnacle,4.67,18,1.93,3.22,4.19,2023-01-13 20:45:00,2023-01-13 15:25:53.207438,https://www.betexplorer.com/soccer/france/ligue-2/bastia-pau/G0E15Onr/,0.03166924654093605,0.08674204866462369,0.2342921476650815,1.935,3.2,4.225,
Bordeaux - Amiens,France:Ligue 2 2022/2023,Pinnacle,2.19,1xBet,3.42,BetVictor,3.7,18,2.11,3.24,3.48,2023-01-13 20:45:00,2023-01-13 15:25:59.676614,https://www.betexplorer.com/soccer/france/ligue-2/bordeaux-amiens-sc/OGUkPNaQ/,0.03557189167199548,0.08369919686326473,0.12315567490553533,2.1,3.24,3.5,
Dijon - Valenciennes,France:Ligue 2 2022/2023,188BET,2.06,Pinnacle,3.28,Pinnacle,4.17,18,2.02,3.15,3.88,2023-01-13 20:45:00,2023-01-13 15:26:06.758407,https://www.betexplorer.com/soccer/france/ligue-2/dijon-valenciennes/fiD54r2l/,0.03305768378934522,0.08472369547631528,0.1561003531752504,2.01,3.175,3.9,
Guingamp - Grenoble,France:Ligue 2 2022/2023,Pinnacle,2.24,bet365,3.2,Betfair Exchange,3.95,18,2.17,3.01,3.61,2023-01-13 20:45:00,2023-01-13 15:26:13.536040,https://www.betexplorer.com/soccer/france/ligue-2/guingamp-grenoble/2HGD2MW0/,0.03539229265087207,0.08197720072013011,0.14343703498934976,2.15,3.0,3.6,
Laval - Rodez,France:Ligue 2 2022/2023,Pinnacle,2.26,1xBet,3.26,Pinnacle,3.88,18,2.17,3.05,3.56,2023-01-13 20:45:00,2023-01-13 15:26:20.152148,https://www.betexplorer.com/soccer/france/ligue-2/laval-rodez/2gYQBQ9E/,0.04514681931340953,0.07865702832280891,0.14216004053243303,2.15,3.025,3.575,
Le Havre - Nimes,France:Ligue 2 2022/2023,bet365,1.53,1xBet,4.0,BetVictor,8.5,18,1.48,3.85,7.39,2023-01-13 20:45:00,2023-01-13 15:26:26.834936,https://www.betexplorer.com/soccer/france/ligue-2/le-havre-nimes/lEC932Hf/,0.027007624195880018,0.10720452629211298,0.5360153153601617,1.48,3.8600000000000003,7.5,
Metz - Quevilly Rouen,France:Ligue 2 2022/2023,10Bet,2.05,1xBet,3.36,Pinnacle,4.23,18,2.00,3.24,3.85,2023-01-13 20:45:00,2023-01-13 15:26:33.372372,https://www.betexplorer.com/soccer/france/ligue-2/metz-quevilly/lEjvlNH7/,0.03468344239648921,0.08077241488612269,0.17796232251601504,2.0,3.25,3.8,
Napoli - Juventus,Italy:Serie A 2022/2023,Interwetten,2.05,1xBet,3.52,Pinnacle,4.26,17,1.97,3.40,3.97,2023-01-13 20:45:00,2023-01-13 15:26:40.001602,https://www.betexplorer.com/soccer/italy/serie-a/napoli-juventus/p2JxhlMt/,0.03649693334776018,0.08500865007889082,0.15022097013826347,1.9849999999999999,3.4,4.0,
Carrick Rangers - Cliftonville,Northern Ireland:NIFL Premiership 2022/2023,BetVictor,5.75,Pinnacle,4.24,1xBet,1.61,17,4.99,3.98,1.57,2023-01-13 20:45:00,2023-01-13 15:26:46.669593,https://www.betexplorer.com/soccer/northern-ireland/nifl-premiership/carrick-rangers-cliftonville/AqRYNGuR/,0.3313375300558773,0.12671180826166592,0.03277597757325256,5.0,4.0,1.57,
Hearts - St. Mirren,Scotland:Premiership 2022/2023,Betway,1.78,Pinnacle,3.94,bet365,4.75,18,1.75,3.74,4.47,2023-01-13 20:45:00,2023-01-13 15:26:53.297090,https://www.betexplorer.com/soccer/scotland/premiership/hearts-st-mirren/bJxZtKDc/,0.01778594583599777,0.09427570470026737,0.15834623270468012,1.75,3.75,4.5,
Aston Villa - Leeds,England:Premier League 2022/2023,1xBet,2.06,Betsafe,3.7,Unibet,4.0,18,2.01,3.56,3.76,2023-01-13 21:00:00,2023-01-13 15:26:59.829215,https://www.betexplorer.com/soccer/england/premier-league/aston-villa-leeds/4lFfPFVJ/,0.028605954862489198,0.08705981716444097,0.12299237449129327,2.0,3.5599999999999996,3.775,
Sirens - Mqabba FC,Malta:FA Trophy 2022/2023,Betfair,1.36,1xBet,5.15,bwin,8.75,10,1.30,4.73,7.74,2023-01-13 21:00:00,2023-01-13 15:27:06.477428,https://www.betexplorer.com/soccer/malta/fa-trophy/sirens-mqabba-fc/KIpj92dN/,0.027668674625929538,0.28690106695901685,0.9598286884184651,1.3,4.699999999999999,7.45,
Celta Vigo - Villarreal,Spain:LaLiga 2022/2023,1xBet,2.89,1xBet,3.22,Unibet,2.85,18,2.76,3.14,2.73,2023-01-13 21:00:00,2023-01-13 15:27:13.286508,https://www.betexplorer.com/soccer/spain/laliga/celta-vigo-villarreal/0QZOxu5o/,0.06289320754704399,0.04325029751682779,0.049259218307188865,2.7649999999999997,3.12,2.725,
R. Oviedo - Alaves,Spain:LaLiga2 2022/2023,Pinnacle,2.99,bet365,2.75,Pinnacle,3.01,17,2.84,2.67,2.88,2023-01-13 21:00:00,2023-01-13 15:27:20.036651,https://www.betexplorer.com/soccer/spain/laliga2/r-oviedo-alaves/2TGj6KsD/,0.06471657665635333,0.0582969073945155,0.06543407099561228,2.85,2.7,2.88,
Botafogo U20 - Lemense U20,Brazil:Copa Sao Paulo de juniores 2023,1xBet,1.41,Unibet,5.5,Unibet,11.0,8,1.29,4.63,8.97,2023-01-13 21:15:00,2023-01-13 15:27:26.579256,https://www.betexplorer.com/soccer/brazil/copa-sao-paulo-de-juniores/botafogo-rj-lemense/O4Mw1Pda/,0.059024813184190346,0.4344783407391312,1.5362425171269576,1.3,4.574999999999999,8.85,
Portimonense - Santa Clara,Portugal:Liga Portugal 2022/2023,Pinnacle,2.18,bet-at-home,3.4,Pinnacle,3.88,18,2.11,3.20,3.58,2023-01-13 21:15:00,2023-01-13 15:27:33.093134,https://www.betexplorer.com/soccer/portugal/liga-portugal/portimonense-santa-clara/xjyMkrd3/,0.053385391260156574,0.0824799440862479,0.13151828322909867,2.15,3.2,3.6,
Liverpool M. - Cesar Vallejo,World:Club Friendly 2023,BetVictor,1.75,Pinnacle,3.54,Betfair Exchange,4.61,14,1.71,3.43,4.27,2023-01-13 21:30:00,2023-01-13 15:27:40.058917,https://www.betexplorer.com/soccer/world/club-friendly/liverpool-m-cesar-vallejo/CCJ9OMqD/,0.02560262692565954,0.07579614070026883,0.14999816848698705,1.72,3.4,4.275,
San Jose FC - Santa Ana,Costa Rica:Liga de Ascenso 2022/2023,1xBet,3.19,1xBet,3.64,Betfair Exchange,2.25,15,2.85,3.48,2.11,2023-01-13 22:00:00,2023-01-13 15:27:46.618892,https://www.betexplorer.com/soccer/costa-rica/liga-de-ascenso/san-jose-fc-santa-ana/jLFGBNcQ/,0.15697436854771035,0.10541527855287848,0.0720581775538416,2.85,3.45,2.1,
Arucas - Panaderia,Spain:Tercera RFEF - Group 12 2022/2023,Pinnacle,2.78,188BET,3.1,Betfair Exchange,2.73,14,2.60,2.97,2.55,2023-01-13 22:00:00,2023-01-13 15:27:53.214095,https://www.betexplorer.com/soccer/spain/tercera-rfef-group-12/arucas-panaderia/xxGCp1zB/,0.08861882815348383,0.09189100088668123,0.08061916986331817,2.6,3.0,2.575,
RB Bragantino U20 - Sao Carlos U20,Brazil:Copa Sao Paulo de juniores 2023,Pinnacle,1.64,Betfair,3.9,Betsafe,5.5,14,1.57,3.78,4.91,2023-01-13 23:00:00,2023-01-13 15:27:59.843868,https://www.betexplorer.com/soccer/brazil/copa-sao-paulo-de-juniores/bragantino-sao-carlos/WzDbd1BU/,0.03221664302673522,0.061595097564303286,0.34622612188066837,1.57,3.775,4.96,
SKA Brasil U20 - Oeste U20,Brazil:Copa Sao Paulo de juniores 2023,188BET,2.08,William Hill,3.5,ComeOn,3.8,14,1.97,3.21,3.45,2023-01-13 23:00:00,2023-01-13 15:28:06.484674,https://www.betexplorer.com/soccer/brazil/copa-sao-paulo-de-juniores/ska-brasil-oeste/jRYr8tit/,0.23940516946138646,0.5155606145282504,0.6465126227913663,2.0,3.175,3.425,
Curico Unido - U. de Deportes,World:Club Friendly 2023,Interwetten,2.05,Betsafe,3.4,BetVictor,3.6,13,2.00,3.25,3.41,2023-01-13 23:00:00,2023-01-13 15:28:13.030807,https://www.betexplorer.com/soccer/world/club-friendly/curico-unido-universitario-de-deportes/Cl1jCmTl/,0.023844735867092914,0.07715167498104589,0.11385872616453045,2.0,3.2,3.45,
Internacional U20 - Aster Brasil U20,Brazil:Copa Sao Paulo de juniores 2023,bwin,1.35,Pinnacle,4.73,Pinnacle,8.53,13,1.32,4.45,7.87,2023-01-13 23:30:00,2023-01-13 15:28:19.799887,https://www.betexplorer.com/soccer/brazil/copa-sao-paulo-de-juniores/internacional-aster-brasil/QqFO6Wf6/,0.018432134703923752,0.13984881947192945,0.5758683521208289,1.33,4.5,8.0,
Tapatio - Atlante,Mexico:Liga de Expansion MX 2022/2023,Pinnacle,4.06,Pinnacle,3.42,188BET,2.06,17,3.59,3.18,1.98,2023-01-14 00:00:00,2023-01-13 15:28:26.450038,https://www.betexplorer.com/soccer/mexico/liga-de-expansion-mx/tapatio-atlante/2qFq7BCg/,0.22470078143271013,0.09724514202292482,0.02969204686542888,3.55,3.15,1.98,
Queretaro W - Juarez W,Mexico:Liga MX Women 2022/2023,1xBet,4.64,Unibet,3.55,188BET,1.84,13,4.08,3.33,1.77,2023-01-14 00:05:00,2023-01-13 15:28:32.973202,https://www.betexplorer.com/soccer/mexico/liga-mx-women/queretaro-juarez/CMbuXwmi/,0.26775419266989575,0.10095060990913148,0.04011202262382642,4.1,3.3,1.78,
Inter Playa Del Carmen - Real de Arteaga,Mexico:Liga Premier Serie A 2022/2023,Pinnacle,1.52,William Hill,4.5,William Hill,9.0,11,1.46,4.13,5.39,2023-01-14 01:00:00,2023-01-13 15:28:39.634063,https://www.betexplorer.com/soccer/mexico/liga-premier-serie-a/inter-playa-del-carmen-real-de-arteaga/ULsuHwe3/,0.06035249988545829,0.17875834373406316,1.0859638227134567,1.45,4.125,5.45,
Boca Juniors - Everton,Argentina:Torneos De Verano 2023,Betfair Exchange,1.62,Unibet,4.0,Betfair Exchange,5.56,13,1.55,3.76,5.17,2023-01-14 01:30:00,2023-01-13 15:28:46.273427,https://www.betexplorer.com/soccer/argentina/torneos-de-verano/boca-juniors-everton/jFfaPmv3/,0.03196839098200008,0.13201731488169047,0.2624200558537507,1.55,3.755,5.25,
Sao Paulo U20 - Retro U20,Brazil:Copa Sao Paulo de juniores 2023,William Hill,1.29,Betfair,6.0,Betfair Exchange,13.35,12,1.20,5.61,11.05,2023-01-14 01:45:00,2023-01-13 15:28:52.968629,https://www.betexplorer.com/soccer/brazil/copa-sao-paulo-de-juniores/sao-paulo-retro/dIKoa3RB/,0.0335123398627569,0.24715190861910402,1.8467077923509367,1.2,5.75,11.0,
Tecos FC - UA Zacatecas,Mexico:Liga Premier Serie A 2022/2023,1xBet,3.42,Unibet,3.5,Betfair Exchange,2.16,12,3.06,3.32,2.06,2023-01-14 02:00:00,2023-01-13 15:28:59.574995,https://www.betexplorer.com/soccer/mexico/liga-premier-serie-a/tecos-ua-zacatecas/vFahTXQq/,0.16522711641858304,0.08709705756165038,0.06461920013154783,3.05,3.3,2.05,
Independiente - UMECIT,Panama:LPF 2023,1xBet,1.99,Unibet,3.35,888sport,4.0,7,1.86,3.29,3.84,2023-01-14 02:00:00,2023-01-13 15:29:06.253805,https://www.betexplorer.com/soccer/panama/lpf/independiente-umecit/pj34sgqR/,0.06872997543873793,0.0528700113035555,0.177455561170892,1.85,3.3,3.85,
Atl. San Luis - Guadalajara Chivas,Mexico:Liga MX 2022/2023,Pinnacle,2.81,Pinnacle,3.33,Pinnacle,2.69,17,2.70,3.14,2.56,2023-01-14 02:05:00,2023-01-13 15:29:12.853754,https://www.betexplorer.com/soccer/mexico/liga-mx/atletico-san-luis-guadalajara-chivas/2LEvTIdP/,0.050707413955607725,0.09071970766860492,0.06285422495561646,2.7,3.17,2.59,
